0 verbose cli /usr/local/bin/node /usr/local/bin/npm
1 info using npm@10.9.8
2 info using node@v22.23.2
3 silly config load:file:/usr/local/lib/node_modules/npm/npmrc
4 silly config load:file:/app/.npmrc
5 silly config load:file:/app/.home/.npmrc
6 silly config load:file:/usr/local/etc/npmrc
7 verbose title npm install
8 verbose argv "install"
9 verbose logfile logs-max:10 dir:/app/.home/.npm/_logs/2026-09-01T13_03_45_323Z-
10 verbose logfile /app/.home/.npm/_logs/2026-09-01T13_03_45_323Z-debug-0.log
11 silly logfile done cleaning log files
12 silly packumentCache heap:2103967744 maxSize:525991936 maxEntrySize:262995968
13 silly idealTree buildDeps
14 silly fetch manifest react@^18.2.0
15 silly packumentCache full:https://registry.npmjs.org/react cache-miss
16 http fetch GET 200 https://registry.npmjs.org/npm 127ms
17 http fetch GET 200 https://registry.npmjs.org/react 218ms (cache miss)
18 silly packumentCache full:https://registry.npmjs.org/react set size:undefined disposed:false
19 silly fetch manifest react-dom@^18.2.0
20 silly packumentCache full:https://registry.npmjs.org/react-dom cache-miss
21 http fetch GET 200 https://registry.npmjs.org/react-dom 222ms (cache miss)
22 silly packumentCache full:https://registry.npmjs.org/react-dom set size:undefined disposed:false
23 silly fetch manifest react-router-dom@^6.22.0
24 silly packumentCache full:https://registry.npmjs.org/react-router-dom cache-miss
25 http fetch GET 200 https://registry.npmjs.org/react-router-dom 95ms (cache miss)
26 silly packumentCache full:https://registry.npmjs.org/react-router-dom set size:undefined disposed:false
27 silly fetch manifest @vitejs/plugin-react@^4.2.1
28 silly packumentCache full:https://registry.npmjs.org/@vitejs%2fplugin-react cache-miss
29 http fetch GET 200 https://registry.npmjs.org/@vitejs%2fplugin-react 37ms (cache miss)
30 silly packumentCache full:https://registry.npmjs.org/@vitejs%2fplugin-react set size:undefined disposed:false
31 silly fetch manifest vite@^5.1.4
32 silly packumentCache full:https://registry.npmjs.org/vite cache-miss
33 http fetch GET 200 https://registry.npmjs.org/vite 1145ms (cache miss)
34 silly packumentCache full:https://registry.npmjs.org/vite set size:undefined disposed:false
35 silly fetch manifest @types/node@^18.0.0 || >=20.0.0
36 silly packumentCache full:https://registry.npmjs.org/@types%2fnode cache-miss
37 http fetch GET 200 https://registry.npmjs.org/@types%2fnode 184ms (cache miss)
38 silly packumentCache full:https://registry.npmjs.org/@types%2fnode set size:undefined disposed:false
39 silly fetch manifest less@*
40 silly packumentCache full:https://registry.npmjs.org/less cache-miss
41 http fetch GET 200 https://registry.npmjs.org/less 30ms (cache miss)
42 silly packumentCache full:https://registry.npmjs.org/less set size:undefined disposed:false
43 silly fetch manifest lightningcss@^1.21.0
44 silly packumentCache full:https://registry.npmjs.org/lightningcss cache-miss
45 http fetch GET 200 https://registry.npmjs.org/lightningcss 71ms (cache miss)
46 silly packumentCache full:https://registry.npmjs.org/lightningcss set size:undefined disposed:false
47 silly fetch manifest sass@*
48 silly packumentCache full:https://registry.npmjs.org/sass cache-miss
49 http fetch GET 200 https://registry.npmjs.org/sass 38ms (cache miss)
50 silly packumentCache full:https://registry.npmjs.org/sass set size:undefined disposed:false
51 silly fetch manifest sass-embedded@*
52 silly packumentCache full:https://registry.npmjs.org/sass-embedded cache-miss
53 http fetch GET 200 https://registry.npmjs.org/sass-embedded 43ms (cache miss)
54 silly packumentCache full:https://registry.npmjs.org/sass-embedded set size:undefined disposed:false
55 silly fetch manifest stylus@*
56 silly packumentCache full:https://registry.npmjs.org/stylus cache-miss
57 http fetch GET 200 https://registry.npmjs.org/stylus 28ms (cache miss)
58 silly packumentCache full:https://registry.npmjs.org/stylus set size:undefined disposed:false
59 silly fetch manifest sugarss@*
60 silly packumentCache full:https://registry.npmjs.org/sugarss cache-miss
61 http fetch GET 200 https://registry.npmjs.org/sugarss 20ms (cache miss)
62 silly packumentCache full:https://registry.npmjs.org/sugarss set size:undefined disposed:false
63 silly fetch manifest postcss@^8.4.35
64 silly packumentCache full:https://registry.npmjs.org/postcss cache-miss
65 http fetch GET 200 https://registry.npmjs.org/postcss 35ms (cache miss)
66 silly packumentCache full:https://registry.npmjs.org/postcss set size:undefined disposed:false
67 silly fetch manifest terser@^5.4.0
68 silly packumentCache full:https://registry.npmjs.org/terser cache-miss
69 http fetch GET 200 https://registry.npmjs.org/terser 40ms (cache miss)
70 silly packumentCache full:https://registry.npmjs.org/terser set size:undefined disposed:false
71 silly fetch manifest autoprefixer@^10.4.18
72 silly packumentCache full:https://registry.npmjs.org/autoprefixer cache-miss
73 http fetch GET 200 https://registry.npmjs.org/autoprefixer 35ms (cache miss)
74 silly packumentCache full:https://registry.npmjs.org/autoprefixer set size:undefined disposed:false
75 silly fetch manifest tailwindcss@^3.4.1
76 silly packumentCache full:https://registry.npmjs.org/tailwindcss cache-miss
77 http fetch GET 200 https://registry.npmjs.org/tailwindcss 184ms (cache miss)
78 silly packumentCache full:https://registry.npmjs.org/tailwindcss set size:undefined disposed:false
79 silly placeDep ROOT @vitejs/plugin-react@4.7.0 OK for: festmobile@1.0.0 want: ^4.2.1
80 silly placeDep ROOT vite@5.4.21 OK for: @vitejs/plugin-react@4.7.0 want: ^4.2.0 || ^5.0.0 || ^6.0.0 || ^7.0.0
81 silly placeDep ROOT autoprefixer@10.5.4 OK for: festmobile@1.0.0 want: ^10.4.18
82 silly placeDep ROOT postcss@8.5.26 OK for: autoprefixer@10.5.4 want: ^8.1.0
83 silly placeDep ROOT react@18.3.1 OK for: festmobile@1.0.0 want: ^18.2.0
84 silly placeDep ROOT react-dom@18.3.1 OK for: festmobile@1.0.0 want: ^18.2.0
85 silly placeDep ROOT react-router-dom@6.30.6 OK for: festmobile@1.0.0 want: ^6.22.0
86 silly placeDep ROOT tailwindcss@3.4.19 OK for: festmobile@1.0.0 want: ^3.4.1
87 silly fetch manifest @babel/core@^7.28.0
88 silly packumentCache full:https://registry.npmjs.org/@babel%2fcore cache-miss
89 http fetch GET 200 https://registry.npmjs.org/@babel%2fcore 45ms (cache miss)
90 silly packumentCache full:https://registry.npmjs.org/@babel%2fcore set size:undefined disposed:false
91 silly fetch manifest react-refresh@^0.17.0
92 silly packumentCache full:https://registry.npmjs.org/react-refresh cache-miss
93 http fetch GET 200 https://registry.npmjs.org/react-refresh 165ms (cache miss)
94 silly packumentCache full:https://registry.npmjs.org/react-refresh set size:undefined disposed:false
95 silly fetch manifest @types/babel__core@^7.20.5
96 silly packumentCache full:https://registry.npmjs.org/@types%2fbabel__core cache-miss
97 http fetch GET 200 https://registry.npmjs.org/@types%2fbabel__core 26ms (cache miss)
98 silly packumentCache full:https://registry.npmjs.org/@types%2fbabel__core set size:undefined disposed:false
99 silly fetch manifest @rolldown/pluginutils@1.0.0-beta.27
100 silly packumentCache full:https://registry.npmjs.org/@rolldown%2fpluginutils cache-miss
101 http fetch GET 200 https://registry.npmjs.org/@rolldown%2fpluginutils 33ms (cache miss)
102 silly packumentCache full:https://registry.npmjs.org/@rolldown%2fpluginutils set size:undefined disposed:false
103 silly fetch manifest @babel/plugin-transform-react-jsx-self@^7.27.1
104 silly packumentCache full:https://registry.npmjs.org/@babel%2fplugin-transform-react-jsx-self cache-miss
105 http fetch GET 200 https://registry.npmjs.org/@babel%2fplugin-transform-react-jsx-self 29ms (cache miss)
106 silly packumentCache full:https://registry.npmjs.org/@babel%2fplugin-transform-react-jsx-self set size:undefined disposed:false
107 silly fetch manifest @babel/plugin-transform-react-jsx-source@^7.27.1
108 silly packumentCache full:https://registry.npmjs.org/@babel%2fplugin-transform-react-jsx-source cache-miss
109 http fetch GET 200 https://registry.npmjs.org/@babel%2fplugin-transform-react-jsx-source 34ms (cache miss)
110 silly packumentCache full:https://registry.npmjs.org/@babel%2fplugin-transform-react-jsx-source set size:undefined disposed:false
111 silly fetch manifest rollup@^4.20.0
112 silly packumentCache full:https://registry.npmjs.org/rollup cache-miss
113 http fetch GET 200 https://registry.npmjs.org/rollup 103ms (cache miss)
114 silly packumentCache full:https://registry.npmjs.org/rollup set size:undefined disposed:false
115 silly fetch manifest esbuild@^0.21.3
116 silly packumentCache full:https://registry.npmjs.org/esbuild cache-miss
117 http fetch GET 200 https://registry.npmjs.org/esbuild 71ms (cache miss)
118 silly packumentCache full:https://registry.npmjs.org/esbuild set size:undefined disposed:false
119 silly fetch manifest postcss@^8.4.43
120 silly packumentCache full:https://registry.npmjs.org/postcss cache-miss
121 http cache https://registry.npmjs.org/postcss 8ms (cache hit)
122 silly packumentCache full:https://registry.npmjs.org/postcss set size:760024 disposed:false
123 silly fetch manifest fsevents@~2.3.3
124 silly packumentCache full:https://registry.npmjs.org/fsevents cache-miss
125 http fetch GET 200 https://registry.npmjs.org/fsevents 22ms (cache miss)
126 silly packumentCache full:https://registry.npmjs.org/fsevents set size:undefined disposed:false
127 silly fetch manifest picocolors@^1.1.1
128 silly packumentCache full:https://registry.npmjs.org/picocolors cache-miss
129 http fetch GET 200 https://registry.npmjs.org/picocolors 17ms (cache miss)
130 silly packumentCache full:https://registry.npmjs.org/picocolors set size:undefined disposed:false
131 silly fetch manifest fraction.js@^5.3.4
132 silly packumentCache full:https://registry.npmjs.org/fraction.js cache-miss
133 http fetch GET 200 https://registry.npmjs.org/fraction.js 19ms (cache miss)
134 silly packumentCache full:https://registry.npmjs.org/fraction.js set size:undefined disposed:false
135 silly fetch manifest browserslist@^4.28.6
136 silly packumentCache full:https://registry.npmjs.org/browserslist cache-miss
137 http fetch GET 200 https://registry.npmjs.org/browserslist 31ms (cache miss)
138 silly packumentCache full:https://registry.npmjs.org/browserslist set size:undefined disposed:false
139 silly fetch manifest caniuse-lite@^1.0.30001806
140 silly packumentCache full:https://registry.npmjs.org/caniuse-lite cache-miss
141 http fetch GET 200 https://registry.npmjs.org/caniuse-lite 94ms (cache miss)
142 silly packumentCache full:https://registry.npmjs.org/caniuse-lite set size:undefined disposed:false
143 silly fetch manifest postcss-value-parser@^4.2.0
144 silly packumentCache full:https://registry.npmjs.org/postcss-value-parser cache-miss
145 http fetch GET 200 https://registry.npmjs.org/postcss-value-parser 36ms (cache miss)
146 silly packumentCache full:https://registry.npmjs.org/postcss-value-parser set size:undefined disposed:false
147 silly fetch manifest nanoid@^3.3.17
148 silly packumentCache full:https://registry.npmjs.org/nanoid cache-miss
149 http fetch GET 200 https://registry.npmjs.org/nanoid 28ms (cache miss)
150 silly packumentCache full:https://registry.npmjs.org/nanoid set size:undefined disposed:false
151 silly fetch manifest source-map-js@^1.2.1
152 silly packumentCache full:https://registry.npmjs.org/source-map-js cache-miss
153 http fetch GET 200 https://registry.npmjs.org/source-map-js 21ms (cache miss)
154 silly packumentCache full:https://registry.npmjs.org/source-map-js set size:undefined disposed:false
155 silly fetch manifest loose-envify@^1.1.0
156 silly packumentCache full:https://registry.npmjs.org/loose-envify cache-miss
157 http fetch GET 200 https://registry.npmjs.org/loose-envify 17ms (cache miss)
158 silly packumentCache full:https://registry.npmjs.org/loose-envify set size:undefined disposed:false
159 silly fetch manifest scheduler@^0.23.2
160 silly packumentCache full:https://registry.npmjs.org/scheduler cache-miss
161 http fetch GET 200 https://registry.npmjs.org/scheduler 149ms (cache miss)
162 silly packumentCache full:https://registry.npmjs.org/scheduler set size:undefined disposed:false
163 silly fetch manifest react-router@6.30.6
164 silly packumentCache full:https://registry.npmjs.org/react-router cache-miss
165 http fetch GET 200 https://registry.npmjs.org/react-router 91ms (cache miss)
166 silly packumentCache full:https://registry.npmjs.org/react-router set size:undefined disposed:false
167 silly fetch manifest @remix-run/router@1.23.4
168 silly packumentCache full:https://registry.npmjs.org/@remix-run%2frouter cache-miss
169 http fetch GET 200 https://registry.npmjs.org/@remix-run%2frouter 57ms (cache miss)
170 silly packumentCache full:https://registry.npmjs.org/@remix-run%2frouter set size:undefined disposed:false
171 silly fetch manifest arg@^5.0.2
172 silly packumentCache full:https://registry.npmjs.org/arg cache-miss
173 http fetch GET 200 https://registry.npmjs.org/arg 20ms (cache miss)
174 silly packumentCache full:https://registry.npmjs.org/arg set size:undefined disposed:false
175 silly fetch manifest dlv@^1.1.3
176 silly packumentCache full:https://registry.npmjs.org/dlv cache-miss
177 http fetch GET 200 https://registry.npmjs.org/dlv 17ms (cache miss)
178 silly packumentCache full:https://registry.npmjs.org/dlv set size:undefined disposed:false
179 silly fetch manifest jiti@^1.21.7
180 silly packumentCache full:https://registry.npmjs.org/jiti cache-miss
181 http fetch GET 200 https://registry.npmjs.org/jiti 26ms (cache miss)
182 silly packumentCache full:https://registry.npmjs.org/jiti set size:undefined disposed:false
183 silly fetch manifest is-glob@^4.0.3
184 silly packumentCache full:https://registry.npmjs.org/is-glob cache-miss
185 http fetch GET 200 https://registry.npmjs.org/is-glob 19ms (cache miss)
186 silly packumentCache full:https://registry.npmjs.org/is-glob set size:undefined disposed:false
187 silly fetch manifest resolve@^1.22.8
188 silly packumentCache full:https://registry.npmjs.org/resolve cache-miss
189 http fetch GET 200 https://registry.npmjs.org/resolve 22ms (cache miss)
190 silly packumentCache full:https://registry.npmjs.org/resolve set size:undefined disposed:false
191 silly fetch manifest sucrase@^3.35.0
192 silly packumentCache full:https://registry.npmjs.org/sucrase cache-miss
193 http fetch GET 200 https://registry.npmjs.org/sucrase 33ms (cache miss)
194 silly packumentCache full:https://registry.npmjs.org/sucrase set size:undefined disposed:false
195 silly fetch manifest chokidar@^3.6.0
196 silly packumentCache full:https://registry.npmjs.org/chokidar cache-miss
197 http fetch GET 200 https://registry.npmjs.org/chokidar 22ms (cache miss)
198 silly packumentCache full:https://registry.npmjs.org/chokidar set size:undefined disposed:false
199 silly fetch manifest fast-glob@^3.3.2
200 silly packumentCache full:https://registry.npmjs.org/fast-glob cache-miss
201 http fetch GET 200 https://registry.npmjs.org/fast-glob 21ms (cache miss)
202 silly packumentCache full:https://registry.npmjs.org/fast-glob set size:undefined disposed:false
203 silly fetch manifest lilconfig@^3.1.3
204 silly packumentCache full:https://registry.npmjs.org/lilconfig cache-miss
205 http fetch GET 200 https://registry.npmjs.org/lilconfig 20ms (cache miss)
206 silly packumentCache full:https://registry.npmjs.org/lilconfig set size:undefined disposed:false
207 silly fetch manifest didyoumean@^1.2.2
208 silly packumentCache full:https://registry.npmjs.org/didyoumean cache-miss
209 http fetch GET 200 https://registry.npmjs.org/didyoumean 19ms (cache miss)
210 silly packumentCache full:https://registry.npmjs.org/didyoumean set size:undefined disposed:false
211 silly fetch manifest micromatch@^4.0.8
212 silly packumentCache full:https://registry.npmjs.org/micromatch cache-miss
213 http fetch GET 200 https://registry.npmjs.org/micromatch 22ms (cache miss)
214 silly packumentCache full:https://registry.npmjs.org/micromatch set size:undefined disposed:false
215 silly fetch manifest postcss-js@^4.0.1
216 silly packumentCache full:https://registry.npmjs.org/postcss-js cache-miss
217 http fetch GET 200 https://registry.npmjs.org/postcss-js 21ms (cache miss)
218 silly packumentCache full:https://registry.npmjs.org/postcss-js set size:undefined disposed:false
219 silly fetch manifest glob-parent@^6.0.2
220 silly packumentCache full:https://registry.npmjs.org/glob-parent cache-miss
221 http fetch GET 200 https://registry.npmjs.org/glob-parent 17ms (cache miss)
222 silly packumentCache full:https://registry.npmjs.org/glob-parent set size:undefined disposed:false
223 silly fetch manifest object-hash@^3.0.0
224 silly packumentCache full:https://registry.npmjs.org/object-hash cache-miss
225 http fetch GET 200 https://registry.npmjs.org/object-hash 23ms (cache miss)
226 silly packumentCache full:https://registry.npmjs.org/object-hash set size:undefined disposed:false
227 silly fetch manifest normalize-path@^3.0.0
228 silly packumentCache full:https://registry.npmjs.org/normalize-path cache-miss
229 http fetch GET 200 https://registry.npmjs.org/normalize-path 16ms (cache miss)
230 silly packumentCache full:https://registry.npmjs.org/normalize-path set size:undefined disposed:false
231 silly fetch manifest postcss-import@^15.1.0
232 silly packumentCache full:https://registry.npmjs.org/postcss-import cache-miss
233 http fetch GET 200 https://registry.npmjs.org/postcss-import 23ms (cache miss)
234 silly packumentCache full:https://registry.npmjs.org/postcss-import set size:undefined disposed:false
235 silly fetch manifest postcss-nested@^6.2.0
236 silly packumentCache full:https://registry.npmjs.org/postcss-nested cache-miss
237 http fetch GET 200 https://registry.npmjs.org/postcss-nested 16ms (cache miss)
238 silly packumentCache full:https://registry.npmjs.org/postcss-nested set size:undefined disposed:false
239 silly fetch manifest @alloc/quick-lru@^5.2.0
240 silly packumentCache full:https://registry.npmjs.org/@alloc%2fquick-lru cache-miss
241 http fetch GET 200 https://registry.npmjs.org/@alloc%2fquick-lru 31ms (cache miss)
242 silly packumentCache full:https://registry.npmjs.org/@alloc%2fquick-lru set size:undefined disposed:false
243 silly fetch manifest postcss-load-config@^4.0.2 || ^5.0 || ^6.0
244 silly packumentCache full:https://registry.npmjs.org/postcss-load-config cache-miss
245 http fetch GET 200 https://registry.npmjs.org/postcss-load-config 19ms (cache miss)
246 silly packumentCache full:https://registry.npmjs.org/postcss-load-config set size:undefined disposed:false
247 silly fetch manifest postcss-selector-parser@^6.1.2
248 silly packumentCache full:https://registry.npmjs.org/postcss-selector-parser cache-miss
249 http fetch GET 200 https://registry.npmjs.org/postcss-selector-parser 25ms (cache miss)
250 silly packumentCache full:https://registry.npmjs.org/postcss-selector-parser set size:undefined disposed:false
251 silly placeDep ROOT @babel/core@7.29.7 OK for: @vitejs/plugin-react@4.7.0 want: ^7.28.0
252 silly placeDep ROOT @babel/plugin-transform-react-jsx-self@7.29.7 OK for: @vitejs/plugin-react@4.7.0 want: ^7.27.1
253 silly placeDep ROOT @babel/plugin-transform-react-jsx-source@7.29.7 OK for: @vitejs/plugin-react@4.7.0 want: ^7.27.1
254 silly placeDep ROOT @rolldown/pluginutils@1.0.0-beta.27 OK for: @vitejs/plugin-react@4.7.0 want: 1.0.0-beta.27
255 silly placeDep ROOT @types/babel__core@7.20.5 OK for: @vitejs/plugin-react@4.7.0 want: ^7.20.5
256 silly placeDep ROOT react-refresh@0.17.0 OK for: @vitejs/plugin-react@4.7.0 want: ^0.17.0
257 silly fetch manifest debug@^4.1.0
258 silly packumentCache full:https://registry.npmjs.org/debug cache-miss
259 http fetch GET 200 https://registry.npmjs.org/debug 23ms (cache miss)
260 silly packumentCache full:https://registry.npmjs.org/debug set size:undefined disposed:false
261 silly fetch manifest json5@^2.2.3
262 silly packumentCache full:https://registry.npmjs.org/json5 cache-miss
263 http fetch GET 200 https://registry.npmjs.org/json5 22ms (cache miss)
264 silly packumentCache full:https://registry.npmjs.org/json5 set size:undefined disposed:false
265 silly fetch manifest semver@^6.3.1
266 silly packumentCache full:https://registry.npmjs.org/semver cache-miss
267 http fetch GET 200 https://registry.npmjs.org/semver 22ms (cache miss)
268 silly packumentCache full:https://registry.npmjs.org/semver set size:undefined disposed:false
269 silly fetch manifest gensync@^1.0.0-beta.2
270 silly packumentCache full:https://registry.npmjs.org/gensync cache-miss
271 http fetch GET 200 https://registry.npmjs.org/gensync 18ms (cache miss)
272 silly packumentCache full:https://registry.npmjs.org/gensync set size:undefined disposed:false
273 silly fetch manifest @babel/types@^7.29.7
274 silly packumentCache full:https://registry.npmjs.org/@babel%2ftypes cache-miss
275 http fetch GET 200 https://registry.npmjs.org/@babel%2ftypes 31ms (cache miss)
276 silly packumentCache full:https://registry.npmjs.org/@babel%2ftypes set size:undefined disposed:false
277 silly fetch manifest @babel/parser@^7.29.7
278 silly packumentCache full:https://registry.npmjs.org/@babel%2fparser cache-miss
279 http fetch GET 200 https://registry.npmjs.org/@babel%2fparser 51ms (cache miss)
280 silly packumentCache full:https://registry.npmjs.org/@babel%2fparser set size:undefined disposed:false
281 silly fetch manifest @babel/helpers@^7.29.7
282 silly packumentCache full:https://registry.npmjs.org/@babel%2fhelpers cache-miss
283 http fetch GET 200 https://registry.npmjs.org/@babel%2fhelpers 32ms (cache miss)
284 silly packumentCache full:https://registry.npmjs.org/@babel%2fhelpers set size:undefined disposed:false
285 silly fetch manifest @babel/template@^7.29.7
286 silly packumentCache full:https://registry.npmjs.org/@babel%2ftemplate cache-miss
287 http fetch GET 200 https://registry.npmjs.org/@babel%2ftemplate 31ms (cache miss)
288 silly packumentCache full:https://registry.npmjs.org/@babel%2ftemplate set size:undefined disposed:false
289 silly fetch manifest @babel/traverse@^7.29.7
290 silly packumentCache full:https://registry.npmjs.org/@babel%2ftraverse cache-miss
291 http fetch GET 200 https://registry.npmjs.org/@babel%2ftraverse 44ms (cache miss)
292 silly packumentCache full:https://registry.npmjs.org/@babel%2ftraverse set size:undefined disposed:false
293 silly fetch manifest @babel/generator@^7.29.7
294 silly packumentCache full:https://registry.npmjs.org/@babel%2fgenerator cache-miss
295 http fetch GET 200 https://registry.npmjs.org/@babel%2fgenerator 45ms (cache miss)
296 silly packumentCache full:https://registry.npmjs.org/@babel%2fgenerator set size:undefined disposed:false
297 silly fetch manifest @babel/code-frame@^7.29.7
298 silly packumentCache full:https://registry.npmjs.org/@babel%2fcode-frame cache-miss
299 http fetch GET 200 https://registry.npmjs.org/@babel%2fcode-frame 24ms (cache miss)
300 silly packumentCache full:https://registry.npmjs.org/@babel%2fcode-frame set size:undefined disposed:false
301 silly fetch manifest convert-source-map@^2.0.0
302 silly packumentCache full:https://registry.npmjs.org/convert-source-map cache-miss
303 http fetch GET 200 https://registry.npmjs.org/convert-source-map 22ms (cache miss)
304 silly packumentCache full:https://registry.npmjs.org/convert-source-map set size:undefined disposed:false
305 silly fetch manifest @jridgewell/remapping@^2.3.5
306 silly packumentCache full:https://registry.npmjs.org/@jridgewell%2fremapping cache-miss
307 http fetch GET 200 https://registry.npmjs.org/@jridgewell%2fremapping 29ms (cache miss)
308 silly packumentCache full:https://registry.npmjs.org/@jridgewell%2fremapping set size:undefined disposed:false
309 silly fetch manifest @babel/helper-module-transforms@^7.29.7
310 silly packumentCache full:https://registry.npmjs.org/@babel%2fhelper-module-transforms cache-miss
311 http fetch GET 200 https://registry.npmjs.org/@babel%2fhelper-module-transforms 30ms (cache miss)
312 silly packumentCache full:https://registry.npmjs.org/@babel%2fhelper-module-transforms set size:undefined disposed:false
313 silly fetch manifest @babel/helper-compilation-targets@^7.29.7
314 silly packumentCache full:https://registry.npmjs.org/@babel%2fhelper-compilation-targets cache-miss
315 http fetch GET 200 https://registry.npmjs.org/@babel%2fhelper-compilation-targets 26ms (cache miss)
316 silly packumentCache full:https://registry.npmjs.org/@babel%2fhelper-compilation-targets set size:undefined disposed:false
317 silly fetch manifest @babel/helper-plugin-utils@^7.29.7
318 silly packumentCache full:https://registry.npmjs.org/@babel%2fhelper-plugin-utils cache-miss
319 http fetch GET 200 https://registry.npmjs.org/@babel%2fhelper-plugin-utils 25ms (cache miss)
320 silly packumentCache full:https://registry.npmjs.org/@babel%2fhelper-plugin-utils set size:undefined disposed:false
321 silly fetch manifest @babel/types@^7.20.7
322 silly packumentCache full:https://registry.npmjs.org/@babel%2ftypes cache-miss
323 http cache https://registry.npmjs.org/@babel%2ftypes 4ms (cache hit)
324 silly packumentCache full:https://registry.npmjs.org/@babel%2ftypes set size:502938 disposed:false
325 silly fetch manifest @babel/parser@^7.20.7
326 silly packumentCache full:https://registry.npmjs.org/@babel%2fparser cache-miss
327 http cache https://registry.npmjs.org/@babel%2fparser 8ms (cache hit)
328 silly packumentCache full:https://registry.npmjs.org/@babel%2fparser set size:737961 disposed:false
329 silly fetch manifest @types/babel__template@*
330 silly packumentCache full:https://registry.npmjs.org/@types%2fbabel__template cache-miss
331 http fetch GET 200 https://registry.npmjs.org/@types%2fbabel__template 19ms (cache miss)
332 silly packumentCache full:https://registry.npmjs.org/@types%2fbabel__template set size:undefined disposed:false
333 silly fetch manifest @types/babel__traverse@*
334 silly packumentCache full:https://registry.npmjs.org/@types%2fbabel__traverse cache-miss
335 http fetch GET 200 https://registry.npmjs.org/@types%2fbabel__traverse 38ms (cache miss)
336 silly packumentCache full:https://registry.npmjs.org/@types%2fbabel__traverse set size:undefined disposed:false
337 silly fetch manifest @types/babel__generator@*
338 silly packumentCache full:https://registry.npmjs.org/@types%2fbabel__generator cache-miss
339 http fetch GET 200 https://registry.npmjs.org/@types%2fbabel__generator 23ms (cache miss)
340 silly packumentCache full:https://registry.npmjs.org/@types%2fbabel__generator set size:undefined disposed:false
341 silly fetch manifest @babel/core@^7.0.0
342 silly packumentCache full:https://registry.npmjs.org/@babel%2fcore cache-miss
343 http cache https://registry.npmjs.org/@babel%2fcore 4ms (cache hit)
344 silly packumentCache full:https://registry.npmjs.org/@babel%2fcore set size:788273 disposed:false
345 silly placeDep ROOT @babel/code-frame@7.29.7 OK for: @babel/core@7.29.7 want: ^7.29.7
346 silly placeDep ROOT @babel/generator@7.29.8 OK for: @babel/core@7.29.7 want: ^7.29.7
347 silly placeDep ROOT @babel/helper-compilation-targets@7.29.7 OK for: @babel/core@7.29.7 want: ^7.29.7
348 silly placeDep ROOT @babel/helper-module-transforms@7.29.7 OK for: @babel/core@7.29.7 want: ^7.29.7
349 silly placeDep ROOT @babel/helpers@7.29.7 OK for: @babel/core@7.29.7 want: ^7.29.7
350 silly placeDep ROOT @babel/parser@7.29.8 OK for: @babel/core@7.29.7 want: ^7.29.7
351 silly placeDep ROOT @babel/template@7.29.7 OK for: @babel/core@7.29.7 want: ^7.29.7
352 silly placeDep ROOT @babel/traverse@7.29.8 OK for: @babel/core@7.29.7 want: ^7.29.7
353 silly placeDep ROOT @babel/types@7.29.8 OK for: @babel/core@7.29.7 want: ^7.29.7
354 silly placeDep ROOT @jridgewell/remapping@2.3.5 OK for: @babel/core@7.29.7 want: ^2.3.5
355 silly placeDep ROOT convert-source-map@2.0.0 OK for: @babel/core@7.29.7 want: ^2.0.0
356 silly placeDep ROOT debug@4.4.3 OK for: @babel/core@7.29.7 want: ^4.1.0
357 silly placeDep ROOT gensync@1.0.0-beta.2 OK for: @babel/core@7.29.7 want: ^1.0.0-beta.2
358 silly placeDep ROOT json5@2.2.3 OK for: @babel/core@7.29.7 want: ^2.2.3
359 silly placeDep ROOT semver@6.3.1 OK for: @babel/core@7.29.7 want: ^6.3.1
360 silly fetch manifest js-tokens@^4.0.0
361 silly packumentCache full:https://registry.npmjs.org/js-tokens cache-miss
362 http fetch GET 200 https://registry.npmjs.org/js-tokens 24ms (cache miss)
363 silly packumentCache full:https://registry.npmjs.org/js-tokens set size:undefined disposed:false
364 silly fetch manifest @babel/helper-validator-identifier@^7.29.7
365 silly packumentCache full:https://registry.npmjs.org/@babel%2fhelper-validator-identifier cache-miss
366 http fetch GET 200 https://registry.npmjs.org/@babel%2fhelper-validator-identifier 26ms (cache miss)
367 silly packumentCache full:https://registry.npmjs.org/@babel%2fhelper-validator-identifier set size:undefined disposed:false
368 silly fetch manifest jsesc@^3.0.2
369 silly packumentCache full:https://registry.npmjs.org/jsesc cache-miss
370 http fetch GET 200 https://registry.npmjs.org/jsesc 24ms (cache miss)
371 silly packumentCache full:https://registry.npmjs.org/jsesc set size:undefined disposed:false
372 silly fetch manifest @babel/types@^7.29.8
373 silly packumentCache full:https://registry.npmjs.org/@babel%2ftypes cache-hit
374 silly fetch manifest @babel/parser@^7.29.8
375 silly packumentCache full:https://registry.npmjs.org/@babel%2fparser cache-hit
376 silly fetch manifest @jridgewell/gen-mapping@^0.3.12
377 silly packumentCache full:https://registry.npmjs.org/@jridgewell%2fgen-mapping cache-miss
378 http fetch GET 200 https://registry.npmjs.org/@jridgewell%2fgen-mapping 29ms (cache miss)
379 silly packumentCache full:https://registry.npmjs.org/@jridgewell%2fgen-mapping set size:undefined disposed:false
380 silly fetch manifest @jridgewell/trace-mapping@^0.3.28
381 silly packumentCache full:https://registry.npmjs.org/@jridgewell%2ftrace-mapping cache-miss
382 http fetch GET 200 https://registry.npmjs.org/@jridgewell%2ftrace-mapping 33ms (cache miss)
383 silly packumentCache full:https://registry.npmjs.org/@jridgewell%2ftrace-mapping set size:undefined disposed:false
384 silly fetch manifest lru-cache@^5.1.1
385 silly packumentCache full:https://registry.npmjs.org/lru-cache cache-miss
386 http fetch GET 200 https://registry.npmjs.org/lru-cache 30ms (cache miss)
387 silly packumentCache full:https://registry.npmjs.org/lru-cache set size:undefined disposed:false
388 silly fetch manifest browserslist@^4.24.0
389 silly packumentCache full:https://registry.npmjs.org/browserslist cache-miss
390 http cache https://registry.npmjs.org/browserslist 4ms (cache hit)
391 silly packumentCache full:https://registry.npmjs.org/browserslist set size:518659 disposed:false
392 silly fetch manifest @babel/compat-data@^7.29.7
393 silly packumentCache full:https://registry.npmjs.org/@babel%2fcompat-data cache-miss
394 http fetch GET 200 https://registry.npmjs.org/@babel%2fcompat-data 32ms (cache miss)
395 silly packumentCache full:https://registry.npmjs.org/@babel%2fcompat-data set size:undefined disposed:false
396 silly fetch manifest @babel/helper-validator-option@^7.29.7
397 silly packumentCache full:https://registry.npmjs.org/@babel%2fhelper-validator-option cache-miss
398 http fetch GET 200 https://registry.npmjs.org/@babel%2fhelper-validator-option 21ms (cache miss)
399 silly packumentCache full:https://registry.npmjs.org/@babel%2fhelper-validator-option set size:undefined disposed:false
400 silly fetch manifest @babel/helper-module-imports@^7.29.7
401 silly packumentCache full:https://registry.npmjs.org/@babel%2fhelper-module-imports cache-miss
402 http fetch GET 200 https://registry.npmjs.org/@babel%2fhelper-module-imports 40ms (cache miss)
403 silly packumentCache full:https://registry.npmjs.org/@babel%2fhelper-module-imports set size:undefined disposed:false
404 silly fetch manifest debug@^4.3.1
405 silly packumentCache full:https://registry.npmjs.org/debug cache-miss
406 http cache https://registry.npmjs.org/debug 4ms (cache hit)
407 silly packumentCache full:https://registry.npmjs.org/debug set size:195840 disposed:false
408 silly fetch manifest @babel/helper-globals@^7.29.7
409 silly packumentCache full:https://registry.npmjs.org/@babel%2fhelper-globals cache-miss
410 http fetch GET 200 https://registry.npmjs.org/@babel%2fhelper-globals 20ms (cache miss)
411 silly packumentCache full:https://registry.npmjs.org/@babel%2fhelper-globals set size:undefined disposed:false
412 silly fetch manifest @babel/helper-string-parser@^7.29.7
413 silly packumentCache full:https://registry.npmjs.org/@babel%2fhelper-string-parser cache-miss
414 http fetch GET 200 https://registry.npmjs.org/@babel%2fhelper-string-parser 24ms (cache miss)
415 silly packumentCache full:https://registry.npmjs.org/@babel%2fhelper-string-parser set size:undefined disposed:false
416 silly fetch manifest @jridgewell/gen-mapping@^0.3.5
417 silly packumentCache full:https://registry.npmjs.org/@jridgewell%2fgen-mapping cache-miss
418 http cache https://registry.npmjs.org/@jridgewell%2fgen-mapping 3ms (cache hit)
419 silly packumentCache full:https://registry.npmjs.org/@jridgewell%2fgen-mapping set size:75941 disposed:false
420 silly fetch manifest @jridgewell/trace-mapping@^0.3.24
421 silly packumentCache full:https://registry.npmjs.org/@jridgewell%2ftrace-mapping cache-miss
422 http cache https://registry.npmjs.org/@jridgewell%2ftrace-mapping 3ms (cache hit)
423 silly packumentCache full:https://registry.npmjs.org/@jridgewell%2ftrace-mapping set size:170909 disposed:false
424 silly fetch manifest ms@^2.1.3
425 silly packumentCache full:https://registry.npmjs.org/ms cache-miss
426 http fetch GET 200 https://registry.npmjs.org/ms 17ms (cache miss)
427 silly packumentCache full:https://registry.npmjs.org/ms set size:undefined disposed:false
428 silly placeDep ROOT @babel/helper-validator-identifier@7.29.7 OK for: @babel/code-frame@7.29.7 want: ^7.29.7
429 silly placeDep ROOT js-tokens@4.0.0 OK for: @babel/code-frame@7.29.7 want: ^4.0.0
430 silly placeDep ROOT picocolors@1.1.1 OK for: @babel/code-frame@7.29.7 want: ^1.1.1
431 silly placeDep ROOT @jridgewell/gen-mapping@0.3.13 OK for: @babel/generator@7.29.8 want: ^0.3.12
432 silly placeDep ROOT @jridgewell/trace-mapping@0.3.31 OK for: @babel/generator@7.29.8 want: ^0.3.28
433 silly placeDep ROOT jsesc@3.1.0 OK for: @babel/generator@7.29.8 want: ^3.0.2
434 silly fetch manifest @jridgewell/sourcemap-codec@^1.5.0
435 silly packumentCache full:https://registry.npmjs.org/@jridgewell%2fsourcemap-codec cache-miss
436 http fetch GET 200 https://registry.npmjs.org/@jridgewell%2fsourcemap-codec 28ms (cache miss)
437 silly packumentCache full:https://registry.npmjs.org/@jridgewell%2fsourcemap-codec set size:undefined disposed:false
438 silly fetch manifest @jridgewell/resolve-uri@^3.1.0
439 silly packumentCache full:https://registry.npmjs.org/@jridgewell%2fresolve-uri cache-miss
440 http fetch GET 200 https://registry.npmjs.org/@jridgewell%2fresolve-uri 32ms (cache miss)
441 silly packumentCache full:https://registry.npmjs.org/@jridgewell%2fresolve-uri set size:undefined disposed:false
442 silly fetch manifest @jridgewell/sourcemap-codec@^1.4.14
443 silly packumentCache full:https://registry.npmjs.org/@jridgewell%2fsourcemap-codec cache-miss
444 http cache https://registry.npmjs.org/@jridgewell%2fsourcemap-codec 6ms (cache hit)
445 silly packumentCache full:https://registry.npmjs.org/@jridgewell%2fsourcemap-codec set size:65255 disposed:false
446 silly placeDep ROOT @babel/compat-data@7.29.7 OK for: @babel/helper-compilation-targets@7.29.7 want: ^7.29.7
447 silly placeDep ROOT @babel/helper-validator-option@7.29.7 OK for: @babel/helper-compilation-targets@7.29.7 want: ^7.29.7
448 silly placeDep ROOT browserslist@4.28.8 OK for: @babel/helper-compilation-targets@7.29.7 want: ^4.24.0
449 silly placeDep ROOT lru-cache@5.1.1 OK for: @babel/helper-compilation-targets@7.29.7 want: ^5.1.1
450 silly fetch manifest caniuse-lite@^1.0.30001809
451 silly packumentCache full:https://registry.npmjs.org/caniuse-lite cache-miss
452 http cache https://registry.npmjs.org/caniuse-lite 7ms (cache hit)
453 silly packumentCache full:https://registry.npmjs.org/caniuse-lite set size:2313344 disposed:false
454 silly fetch manifest node-releases@^2.0.53
455 silly packumentCache full:https://registry.npmjs.org/node-releases cache-miss
456 http fetch GET 200 https://registry.npmjs.org/node-releases 31ms (cache miss)
457 silly packumentCache full:https://registry.npmjs.org/node-releases set size:undefined disposed:false
458 silly fetch manifest electron-to-chromium@^1.5.402
459 silly packumentCache full:https://registry.npmjs.org/electron-to-chromium cache-miss
460 http fetch GET 200 https://registry.npmjs.org/electron-to-chromium 113ms (cache miss)
461 silly packumentCache full:https://registry.npmjs.org/electron-to-chromium set size:undefined disposed:false
462 silly fetch manifest update-browserslist-db@^1.3.0
463 silly packumentCache full:https://registry.npmjs.org/update-browserslist-db cache-miss
464 http fetch GET 200 https://registry.npmjs.org/update-browserslist-db 24ms (cache miss)
465 silly packumentCache full:https://registry.npmjs.org/update-browserslist-db set size:undefined disposed:false
466 silly fetch manifest baseline-browser-mapping@^2.11.12
467 silly packumentCache full:https://registry.npmjs.org/baseline-browser-mapping cache-miss
468 http fetch GET 200 https://registry.npmjs.org/baseline-browser-mapping 28ms (cache miss)
469 silly packumentCache full:https://registry.npmjs.org/baseline-browser-mapping set size:undefined disposed:false
470 silly fetch manifest yallist@^3.0.2
471 silly packumentCache full:https://registry.npmjs.org/yallist cache-miss
472 http fetch GET 200 https://registry.npmjs.org/yallist 22ms (cache miss)
473 silly packumentCache full:https://registry.npmjs.org/yallist set size:undefined disposed:false
474 silly placeDep ROOT @babel/helper-module-imports@7.29.7 OK for: @babel/helper-module-transforms@7.29.7 want: ^7.29.7
475 silly placeDep ROOT @babel/helper-plugin-utils@7.29.7 OK for: @babel/plugin-transform-react-jsx-self@7.29.7 want: ^7.29.7
476 silly placeDep ROOT @babel/helper-globals@7.29.7 OK for: @babel/traverse@7.29.8 want: ^7.29.7
477 silly placeDep ROOT @babel/helper-string-parser@7.29.7 OK for: @babel/types@7.29.8 want: ^7.29.7
478 silly placeDep ROOT @jridgewell/sourcemap-codec@1.6.0 OK for: @jridgewell/gen-mapping@0.3.13 want: ^1.5.0
479 silly placeDep ROOT @jridgewell/resolve-uri@3.1.2 OK for: @jridgewell/trace-mapping@0.3.31 want: ^3.1.0
480 silly placeDep ROOT @types/babel__generator@7.27.0 OK for: @types/babel__core@7.20.5 want: *
481 silly placeDep ROOT @types/babel__template@7.4.4 OK for: @types/babel__core@7.20.5 want: *
482 silly placeDep ROOT @types/babel__traverse@7.28.0 OK for: @types/babel__core@7.20.5 want: *
483 silly placeDep ROOT caniuse-lite@1.0.30001810 OK for: autoprefixer@10.5.4 want: ^1.0.30001806
484 silly placeDep ROOT fraction.js@5.3.4 OK for: autoprefixer@10.5.4 want: ^5.3.4
485 silly placeDep ROOT postcss-value-parser@4.2.0 OK for: autoprefixer@10.5.4 want: ^4.2.0
486 silly fetch manifest browserslist@>= 4.21.0
487 silly packumentCache full:https://registry.npmjs.org/browserslist cache-hit
488 silly placeDep ROOT baseline-browser-mapping@2.11.20 OK for: browserslist@4.28.8 want: ^2.11.12
489 silly placeDep ROOT electron-to-chromium@1.5.418 OK for: browserslist@4.28.8 want: ^1.5.402
490 silly placeDep ROOT node-releases@2.0.54 OK for: browserslist@4.28.8 want: ^2.0.53
491 silly placeDep ROOT update-browserslist-db@1.3.2 OK for: browserslist@4.28.8 want: ^1.3.0
492 silly fetch manifest escalade@^3.2.0
493 silly packumentCache full:https://registry.npmjs.org/escalade cache-miss
494 http fetch GET 200 https://registry.npmjs.org/escalade 38ms (cache miss)
495 silly packumentCache full:https://registry.npmjs.org/escalade set size:undefined disposed:false
496 silly placeDep ROOT ms@2.1.3 OK for: debug@4.4.3 want: ^2.1.3
497 silly placeDep ROOT yallist@3.1.1 OK for: lru-cache@5.1.1 want: ^3.0.2
498 silly placeDep ROOT nanoid@3.3.18 OK for: postcss@8.5.26 want: ^3.3.17
499 silly placeDep ROOT source-map-js@1.2.1 OK for: postcss@8.5.26 want: ^1.2.1
500 silly placeDep ROOT loose-envify@1.4.0 OK for: react@18.3.1 want: ^1.1.0
501 silly placeDep ROOT scheduler@0.23.2 OK for: react-dom@18.3.1 want: ^0.23.2
502 silly fetch manifest react@>=16.8
503 silly packumentCache full:https://registry.npmjs.org/react cache-miss
504 http cache https://registry.npmjs.org/react 19ms (cache hit)
505 silly packumentCache full:https://registry.npmjs.org/react set size:6931815 disposed:false
506 silly placeDep ROOT @remix-run/router@1.23.4 OK for: react-router-dom@6.30.6 want: 1.23.4
507 silly placeDep ROOT react-router@6.30.6 OK for: react-router-dom@6.30.6 want: 6.30.6
508 silly fetch manifest postcss@^8.4.47
509 silly packumentCache full:https://registry.npmjs.org/postcss cache-hit
510 silly fetch manifest tsx@^4.8.1
511 silly packumentCache full:https://registry.npmjs.org/tsx cache-miss
512 http fetch GET 200 https://registry.npmjs.org/tsx 31ms (cache miss)
513 silly packumentCache full:https://registry.npmjs.org/tsx set size:undefined disposed:false
514 silly fetch manifest yaml@^2.4.2
515 silly packumentCache full:https://registry.npmjs.org/yaml cache-miss
516 http fetch GET 200 https://registry.npmjs.org/yaml 28ms (cache miss)
517 silly packumentCache full:https://registry.npmjs.org/yaml set size:undefined disposed:false
518 silly placeDep ROOT @alloc/quick-lru@5.3.0 OK for: tailwindcss@3.4.19 want: ^5.2.0
519 silly placeDep ROOT arg@5.0.2 OK for: tailwindcss@3.4.19 want: ^5.0.2
520 silly placeDep ROOT chokidar@3.6.0 OK for: tailwindcss@3.4.19 want: ^3.6.0
521 silly placeDep ROOT didyoumean@1.2.2 OK for: tailwindcss@3.4.19 want: ^1.2.2
522 silly placeDep ROOT dlv@1.1.3 OK for: tailwindcss@3.4.19 want: ^1.1.3
523 silly placeDep ROOT fast-glob@3.3.3 OK for: tailwindcss@3.4.19 want: ^3.3.2
524 silly placeDep ROOT glob-parent@6.0.2 OK for: tailwindcss@3.4.19 want: ^6.0.2
525 silly placeDep ROOT is-glob@4.0.3 OK for: tailwindcss@3.4.19 want: ^4.0.3
526 silly placeDep ROOT jiti@1.21.7 OK for: tailwindcss@3.4.19 want: ^1.21.7
527 silly placeDep ROOT lilconfig@3.1.3 OK for: tailwindcss@3.4.19 want: ^3.1.3
528 silly placeDep ROOT micromatch@4.0.8 OK for: tailwindcss@3.4.19 want: ^4.0.8
529 silly placeDep ROOT normalize-path@3.0.0 OK for: tailwindcss@3.4.19 want: ^3.0.0
530 silly placeDep ROOT object-hash@3.0.0 OK for: tailwindcss@3.4.19 want: ^3.0.0
531 silly placeDep ROOT postcss-import@15.1.0 OK for: tailwindcss@3.4.19 want: ^15.1.0
532 silly placeDep ROOT postcss-js@4.1.0 OK for: tailwindcss@3.4.19 want: ^4.0.1
533 silly placeDep ROOT postcss-load-config@6.0.1 OK for: tailwindcss@3.4.19 want: ^4.0.2 || ^5.0 || ^6.0
534 silly placeDep ROOT postcss-nested@6.2.0 OK for: tailwindcss@3.4.19 want: ^6.2.0
535 silly placeDep ROOT postcss-selector-parser@6.1.4 OK for: tailwindcss@3.4.19 want: ^6.1.2
536 silly placeDep ROOT resolve@1.22.12 OK for: tailwindcss@3.4.19 want: ^1.22.8
537 silly placeDep ROOT sucrase@3.35.1 OK for: tailwindcss@3.4.19 want: ^3.35.0
538 silly fetch manifest braces@~3.0.2
539 silly packumentCache full:https://registry.npmjs.org/braces cache-miss
540 http fetch GET 200 https://registry.npmjs.org/braces 25ms (cache miss)
541 silly packumentCache full:https://registry.npmjs.org/braces set size:undefined disposed:false
542 silly fetch manifest is-glob@~4.0.1
543 silly packumentCache full:https://registry.npmjs.org/is-glob cache-miss
544 http cache https://registry.npmjs.org/is-glob 3ms (cache hit)
545 silly packumentCache full:https://registry.npmjs.org/is-glob set size:40530 disposed:false
546 silly fetch manifest anymatch@~3.1.2
547 silly packumentCache full:https://registry.npmjs.org/anymatch cache-miss
548 http fetch GET 200 https://registry.npmjs.org/anymatch 16ms (cache miss)
549 silly packumentCache full:https://registry.npmjs.org/anymatch set size:undefined disposed:false
550 silly fetch manifest readdirp@~3.6.0
551 silly packumentCache full:https://registry.npmjs.org/readdirp cache-miss
552 http fetch GET 200 https://registry.npmjs.org/readdirp 25ms (cache miss)
553 silly packumentCache full:https://registry.npmjs.org/readdirp set size:undefined disposed:false
554 silly fetch manifest glob-parent@~5.1.2
555 silly packumentCache full:https://registry.npmjs.org/glob-parent cache-miss
556 http cache https://registry.npmjs.org/glob-parent 2ms (cache hit)
557 silly packumentCache full:https://registry.npmjs.org/glob-parent set size:42445 disposed:false
558 silly fetch manifest is-binary-path@~2.1.0
559 silly packumentCache full:https://registry.npmjs.org/is-binary-path cache-miss
560 http fetch GET 200 https://registry.npmjs.org/is-binary-path 16ms (cache miss)
561 silly packumentCache full:https://registry.npmjs.org/is-binary-path set size:undefined disposed:false
562 silly fetch manifest normalize-path@~3.0.0
563 silly packumentCache full:https://registry.npmjs.org/normalize-path cache-miss
564 http cache https://registry.npmjs.org/normalize-path 3ms (cache hit)
565 silly packumentCache full:https://registry.npmjs.org/normalize-path set size:28713 disposed:false
566 silly fetch manifest fsevents@~2.3.2
567 silly packumentCache full:https://registry.npmjs.org/fsevents cache-miss
568 http cache https://registry.npmjs.org/fsevents 3ms (cache hit)
569 silly packumentCache full:https://registry.npmjs.org/fsevents set size:182472 disposed:false
570 silly fetch manifest @nodelib/fs.stat@^2.0.2
571 silly packumentCache full:https://registry.npmjs.org/@nodelib%2ffs.stat cache-miss
572 http fetch GET 200 https://registry.npmjs.org/@nodelib%2ffs.stat 31ms (cache miss)
573 silly packumentCache full:https://registry.npmjs.org/@nodelib%2ffs.stat set size:undefined disposed:false
574 silly fetch manifest @nodelib/fs.walk@^1.2.3
575 silly packumentCache full:https://registry.npmjs.org/@nodelib%2ffs.walk cache-miss
576 http fetch GET 200 https://registry.npmjs.org/@nodelib%2ffs.walk 26ms (cache miss)
577 silly packumentCache full:https://registry.npmjs.org/@nodelib%2ffs.walk set size:undefined disposed:false
578 silly fetch manifest glob-parent@^5.1.2
579 silly packumentCache full:https://registry.npmjs.org/glob-parent cache-hit
580 silly fetch manifest merge2@^1.3.0
581 silly packumentCache full:https://registry.npmjs.org/merge2 cache-miss
582 http fetch GET 200 https://registry.npmjs.org/merge2 22ms (cache miss)
583 silly packumentCache full:https://registry.npmjs.org/merge2 set size:undefined disposed:false
584 silly fetch manifest is-extglob@^2.1.1
585 silly packumentCache full:https://registry.npmjs.org/is-extglob cache-miss
586 http fetch GET 200 https://registry.npmjs.org/is-extglob 18ms (cache miss)
587 silly packumentCache full:https://registry.npmjs.org/is-extglob set size:undefined disposed:false
588 silly fetch manifest braces@^3.0.3
589 silly packumentCache full:https://registry.npmjs.org/braces cache-miss
590 http cache https://registry.npmjs.org/braces 3ms (cache hit)
591 silly packumentCache full:https://registry.npmjs.org/braces set size:114529 disposed:false
592 silly fetch manifest picomatch@^2.3.1
593 silly packumentCache full:https://registry.npmjs.org/picomatch cache-miss
594 http fetch GET 200 https://registry.npmjs.org/picomatch 24ms (cache miss)
595 silly packumentCache full:https://registry.npmjs.org/picomatch set size:undefined disposed:false
596 silly fetch manifest resolve@^1.1.7
597 silly packumentCache full:https://registry.npmjs.org/resolve cache-miss
598 http cache https://registry.npmjs.org/resolve 2ms (cache hit)
599 silly packumentCache full:https://registry.npmjs.org/resolve set size:244568 disposed:false
600 silly fetch manifest read-cache@^1.0.0
601 silly packumentCache full:https://registry.npmjs.org/read-cache cache-miss
602 http fetch GET 200 https://registry.npmjs.org/read-cache 18ms (cache miss)
603 silly packumentCache full:https://registry.npmjs.org/read-cache set size:undefined disposed:false
604 silly fetch manifest camelcase-css@^2.0.1
605 silly packumentCache full:https://registry.npmjs.org/camelcase-css cache-miss
606 http fetch GET 200 https://registry.npmjs.org/camelcase-css 19ms (cache miss)
607 silly packumentCache full:https://registry.npmjs.org/camelcase-css set size:undefined disposed:false
608 silly fetch manifest postcss-selector-parser@^6.1.1
609 silly packumentCache full:https://registry.npmjs.org/postcss-selector-parser cache-miss
610 http cache https://registry.npmjs.org/postcss-selector-parser 3ms (cache hit)
611 silly packumentCache full:https://registry.npmjs.org/postcss-selector-parser set size:196939 disposed:false
612 silly fetch manifest cssesc@^3.0.0
613 silly packumentCache full:https://registry.npmjs.org/cssesc cache-miss
614 http fetch GET 200 https://registry.npmjs.org/cssesc 15ms (cache miss)
615 silly packumentCache full:https://registry.npmjs.org/cssesc set size:undefined disposed:false
616 silly fetch manifest util-deprecate@^1.0.2
617 silly packumentCache full:https://registry.npmjs.org/util-deprecate cache-miss
618 http fetch GET 200 https://registry.npmjs.org/util-deprecate 17ms (cache miss)
619 silly packumentCache full:https://registry.npmjs.org/util-deprecate set size:undefined disposed:false
620 silly fetch manifest es-errors@^1.3.0
621 silly packumentCache full:https://registry.npmjs.org/es-errors cache-miss
622 http fetch GET 200 https://registry.npmjs.org/es-errors 17ms (cache miss)
623 silly packumentCache full:https://registry.npmjs.org/es-errors set size:undefined disposed:false
624 silly fetch manifest path-parse@^1.0.7
625 silly packumentCache full:https://registry.npmjs.org/path-parse cache-miss
626 http fetch GET 200 https://registry.npmjs.org/path-parse 20ms (cache miss)
627 silly packumentCache full:https://registry.npmjs.org/path-parse set size:undefined disposed:false
628 silly fetch manifest is-core-module@^2.16.1
629 silly packumentCache full:https://registry.npmjs.org/is-core-module cache-miss
630 http fetch GET 200 https://registry.npmjs.org/is-core-module 18ms (cache miss)
631 silly packumentCache full:https://registry.npmjs.org/is-core-module set size:undefined disposed:false
632 silly fetch manifest supports-preserve-symlinks-flag@^1.0.0
633 silly packumentCache full:https://registry.npmjs.org/supports-preserve-symlinks-flag cache-miss
634 http fetch GET 200 https://registry.npmjs.org/supports-preserve-symlinks-flag 21ms (cache miss)
635 silly packumentCache full:https://registry.npmjs.org/supports-preserve-symlinks-flag set size:undefined disposed:false
636 silly fetch manifest commander@^4.0.0
637 silly packumentCache full:https://registry.npmjs.org/commander cache-miss
638 http fetch GET 200 https://registry.npmjs.org/commander 26ms (cache miss)
639 silly packumentCache full:https://registry.npmjs.org/commander set size:undefined disposed:false
640 silly fetch manifest lines-and-columns@^1.1.6
641 silly packumentCache full:https://registry.npmjs.org/lines-and-columns cache-miss
642 http fetch GET 200 https://registry.npmjs.org/lines-and-columns 22ms (cache miss)
643 silly packumentCache full:https://registry.npmjs.org/lines-and-columns set size:undefined disposed:false
644 silly fetch manifest mz@^2.7.0
645 silly packumentCache full:https://registry.npmjs.org/mz cache-miss
646 http fetch GET 200 https://registry.npmjs.org/mz 16ms (cache miss)
647 silly packumentCache full:https://registry.npmjs.org/mz set size:undefined disposed:false
648 silly fetch manifest pirates@^4.0.1
649 silly packumentCache full:https://registry.npmjs.org/pirates cache-miss
650 http fetch GET 200 https://registry.npmjs.org/pirates 22ms (cache miss)
651 silly packumentCache full:https://registry.npmjs.org/pirates set size:undefined disposed:false
652 silly fetch manifest tinyglobby@^0.2.11
653 silly packumentCache full:https://registry.npmjs.org/tinyglobby cache-miss
654 http fetch GET 200 https://registry.npmjs.org/tinyglobby 15ms (cache miss)
655 silly packumentCache full:https://registry.npmjs.org/tinyglobby set size:undefined disposed:false
656 silly fetch manifest ts-interface-checker@^0.1.9
657 silly packumentCache full:https://registry.npmjs.org/ts-interface-checker cache-miss
658 http fetch GET 200 https://registry.npmjs.org/ts-interface-checker 22ms (cache miss)
659 silly packumentCache full:https://registry.npmjs.org/ts-interface-checker set size:undefined disposed:false
660 silly placeDep ROOT anymatch@3.1.3 OK for: chokidar@3.6.0 want: ~3.1.2
661 silly placeDep ROOT braces@3.0.3 OK for: chokidar@3.6.0 want: ~3.0.2
662 silly placeDep ROOT fsevents@2.3.3 OK for: chokidar@3.6.0 want: ~2.3.2
663 silly placeDep node_modules/chokidar glob-parent@5.1.2 OK for: chokidar@3.6.0 want: ~5.1.2
664 silly placeDep ROOT is-binary-path@2.1.0 OK for: chokidar@3.6.0 want: ~2.1.0
665 silly placeDep ROOT readdirp@3.6.0 OK for: chokidar@3.6.0 want: ~3.6.0
666 silly fetch manifest picomatch@^2.0.4
667 silly packumentCache full:https://registry.npmjs.org/picomatch cache-miss
668 http cache https://registry.npmjs.org/picomatch 3ms (cache hit)
669 silly packumentCache full:https://registry.npmjs.org/picomatch set size:134451 disposed:false
670 silly fetch manifest fill-range@^7.1.1
671 silly packumentCache full:https://registry.npmjs.org/fill-range cache-miss
672 http fetch GET 200 https://registry.npmjs.org/fill-range 22ms (cache miss)
673 silly packumentCache full:https://registry.npmjs.org/fill-range set size:undefined disposed:false
674 silly fetch manifest binary-extensions@^2.0.0
675 silly packumentCache full:https://registry.npmjs.org/binary-extensions cache-miss
676 http fetch GET 200 https://registry.npmjs.org/binary-extensions 19ms (cache miss)
677 silly packumentCache full:https://registry.npmjs.org/binary-extensions set size:undefined disposed:false
678 silly fetch manifest picomatch@^2.2.1
679 silly packumentCache full:https://registry.npmjs.org/picomatch cache-hit
680 silly placeDep ROOT picomatch@2.3.2 OK for: anymatch@3.1.3 want: ^2.0.4
681 silly placeDep ROOT fill-range@7.1.1 OK for: braces@3.0.3 want: ^7.1.1
682 silly fetch manifest to-regex-range@^5.0.1
683 silly packumentCache full:https://registry.npmjs.org/to-regex-range cache-miss
684 http fetch GET 200 https://registry.npmjs.org/to-regex-range 23ms (cache miss)
685 silly packumentCache full:https://registry.npmjs.org/to-regex-range set size:undefined disposed:false
686 silly placeDep ROOT @nodelib/fs.stat@2.0.5 OK for: fast-glob@3.3.3 want: ^2.0.2
687 silly placeDep ROOT @nodelib/fs.walk@1.2.8 OK for: fast-glob@3.3.3 want: ^1.2.3
688 silly placeDep node_modules/fast-glob glob-parent@5.1.2 OK for: fast-glob@3.3.3 want: ^5.1.2
689 silly placeDep ROOT merge2@1.4.1 OK for: fast-glob@3.3.3 want: ^1.3.0
690 silly fetch manifest fastq@^1.6.0
691 silly packumentCache full:https://registry.npmjs.org/fastq cache-miss
692 http fetch GET 200 https://registry.npmjs.org/fastq 20ms (cache miss)
693 silly packumentCache full:https://registry.npmjs.org/fastq set size:undefined disposed:false
694 silly fetch manifest @nodelib/fs.scandir@2.1.5
695 silly packumentCache full:https://registry.npmjs.org/@nodelib%2ffs.scandir cache-miss
696 http fetch GET 200 https://registry.npmjs.org/@nodelib%2ffs.scandir 25ms (cache miss)
697 silly packumentCache full:https://registry.npmjs.org/@nodelib%2ffs.scandir set size:undefined disposed:false
698 silly placeDep ROOT @nodelib/fs.scandir@2.1.5 OK for: @nodelib/fs.walk@1.2.8 want: 2.1.5
699 silly placeDep ROOT fastq@1.20.3 OK for: @nodelib/fs.walk@1.2.8 want: ^1.6.0
700 silly fetch manifest run-parallel@^1.1.9
701 silly packumentCache full:https://registry.npmjs.org/run-parallel cache-miss
702 http fetch GET 200 https://registry.npmjs.org/run-parallel 20ms (cache miss)
703 silly packumentCache full:https://registry.npmjs.org/run-parallel set size:undefined disposed:false
704 silly fetch manifest reusify@^1.0.4
705 silly packumentCache full:https://registry.npmjs.org/reusify cache-miss
706 http fetch GET 200 https://registry.npmjs.org/reusify 16ms (cache miss)
707 silly packumentCache full:https://registry.npmjs.org/reusify set size:undefined disposed:false
708 silly placeDep ROOT run-parallel@1.2.0 OK for: @nodelib/fs.scandir@2.1.5 want: ^1.1.9
709 silly fetch manifest queue-microtask@^1.2.2
710 silly packumentCache full:https://registry.npmjs.org/queue-microtask cache-miss
711 http fetch GET 200 https://registry.npmjs.org/queue-microtask 21ms (cache miss)
712 silly packumentCache full:https://registry.npmjs.org/queue-microtask set size:undefined disposed:false
713 silly placeDep ROOT reusify@1.1.0 OK for: fastq@1.20.3 want: ^1.0.4
714 silly placeDep ROOT to-regex-range@5.0.1 OK for: fill-range@7.1.1 want: ^5.0.1
715 silly fetch manifest is-number@^7.0.0
716 silly packumentCache full:https://registry.npmjs.org/is-number cache-miss
717 http fetch GET 200 https://registry.npmjs.org/is-number 14ms (cache miss)
718 silly packumentCache full:https://registry.npmjs.org/is-number set size:undefined disposed:false
719 silly placeDep ROOT binary-extensions@2.3.0 OK for: is-binary-path@2.1.0 want: ^2.0.0
720 silly placeDep ROOT is-extglob@2.1.1 OK for: is-glob@4.0.3 want: ^2.1.1
721 silly placeDep ROOT read-cache@1.0.2 OK for: postcss-import@15.1.0 want: ^1.0.0
722 silly placeDep ROOT camelcase-css@2.0.1 OK for: postcss-js@4.1.0 want: ^2.0.1
723 silly placeDep ROOT cssesc@3.0.0 OK for: postcss-selector-parser@6.1.4 want: ^3.0.0
724 silly placeDep ROOT util-deprecate@1.0.2 OK for: postcss-selector-parser@6.1.4 want: ^1.0.2
725 silly placeDep ROOT es-errors@1.3.0 OK for: resolve@1.22.12 want: ^1.3.0
726 silly placeDep ROOT is-core-module@2.16.2 OK for: resolve@1.22.12 want: ^2.16.1
727 silly placeDep ROOT path-parse@1.0.7 OK for: resolve@1.22.12 want: ^1.0.7
728 silly placeDep ROOT supports-preserve-symlinks-flag@1.0.0 OK for: resolve@1.22.12 want: ^1.0.0
729 silly fetch manifest hasown@^2.0.3
730 silly packumentCache full:https://registry.npmjs.org/hasown cache-miss
731 http fetch GET 200 https://registry.npmjs.org/hasown 18ms (cache miss)
732 silly packumentCache full:https://registry.npmjs.org/hasown set size:undefined disposed:false
733 silly placeDep ROOT hasown@2.0.4 OK for: is-core-module@2.16.2 want: ^2.0.3
734 silly fetch manifest function-bind@^1.1.2
735 silly packumentCache full:https://registry.npmjs.org/function-bind cache-miss
736 http fetch GET 200 https://registry.npmjs.org/function-bind 14ms (cache miss)
737 silly packumentCache full:https://registry.npmjs.org/function-bind set size:undefined disposed:false
738 silly placeDep ROOT function-bind@1.1.2 OK for: hasown@2.0.4 want: ^1.1.2
739 silly placeDep ROOT queue-microtask@1.2.3 OK for: run-parallel@1.2.0 want: ^1.2.2
740 silly placeDep ROOT commander@4.1.1 OK for: sucrase@3.35.1 want: ^4.0.0
741 silly placeDep ROOT lines-and-columns@1.2.4 OK for: sucrase@3.35.1 want: ^1.1.6
742 silly placeDep ROOT mz@2.7.0 OK for: sucrase@3.35.1 want: ^2.7.0
743 silly placeDep ROOT pirates@4.0.7 OK for: sucrase@3.35.1 want: ^4.0.1
744 silly placeDep ROOT tinyglobby@0.2.17 OK for: sucrase@3.35.1 want: ^0.2.11
745 silly placeDep ROOT ts-interface-checker@0.1.13 OK for: sucrase@3.35.1 want: ^0.1.9
746 silly fetch manifest any-promise@^1.0.0
747 silly packumentCache full:https://registry.npmjs.org/any-promise cache-miss
748 http fetch GET 200 https://registry.npmjs.org/any-promise 23ms (cache miss)
749 silly packumentCache full:https://registry.npmjs.org/any-promise set size:undefined disposed:false
750 silly fetch manifest object-assign@^4.0.1
751 silly packumentCache full:https://registry.npmjs.org/object-assign cache-miss
752 http fetch GET 200 https://registry.npmjs.org/object-assign 16ms (cache miss)
753 silly packumentCache full:https://registry.npmjs.org/object-assign set size:undefined disposed:false
754 silly fetch manifest thenify-all@^1.0.0
755 silly packumentCache full:https://registry.npmjs.org/thenify-all cache-miss
756 http fetch GET 200 https://registry.npmjs.org/thenify-all 21ms (cache miss)
757 silly packumentCache full:https://registry.npmjs.org/thenify-all set size:undefined disposed:false
758 silly fetch manifest fdir@^6.5.0
759 silly packumentCache full:https://registry.npmjs.org/fdir cache-miss
760 http fetch GET 200 https://registry.npmjs.org/fdir 18ms (cache miss)
761 silly packumentCache full:https://registry.npmjs.org/fdir set size:undefined disposed:false
762 silly fetch manifest picomatch@^4.0.4
763 silly packumentCache full:https://registry.npmjs.org/picomatch cache-hit
764 silly placeDep ROOT any-promise@1.3.0 OK for: mz@2.7.0 want: ^1.0.0
765 silly placeDep ROOT object-assign@4.1.1 OK for: mz@2.7.0 want: ^4.0.1
766 silly placeDep ROOT thenify-all@1.6.0 OK for: mz@2.7.0 want: ^1.0.0
767 silly fetch manifest thenify@>= 3.1.0 < 4
768 silly packumentCache full:https://registry.npmjs.org/thenify cache-miss
769 http fetch GET 200 https://registry.npmjs.org/thenify 17ms (cache miss)
770 silly packumentCache full:https://registry.npmjs.org/thenify set size:undefined disposed:false
771 silly placeDep ROOT thenify@3.3.1 OK for: thenify-all@1.6.0 want: >= 3.1.0 < 4
772 silly placeDep node_modules/tinyglobby fdir@6.5.0 OK for: tinyglobby@0.2.17 want: ^6.5.0
773 silly placeDep node_modules/tinyglobby picomatch@4.0.7 OK for: fdir@6.5.0 want: ^3 || ^4
774 silly placeDep ROOT is-number@7.0.0 OK for: to-regex-range@5.0.1 want: ^7.0.0
775 silly placeDep ROOT escalade@3.2.0 OK for: update-browserslist-db@1.3.2 want: ^3.2.0
776 silly placeDep ROOT esbuild@0.21.5 OK for: vite@5.4.21 want: ^0.21.3
777 silly placeDep ROOT rollup@4.63.1 OK for: vite@5.4.21 want: ^4.20.0
778 silly fetch manifest @esbuild/aix-ppc64@0.21.5
779 silly packumentCache full:https://registry.npmjs.org/@esbuild%2faix-ppc64 cache-miss
780 http fetch GET 200 https://registry.npmjs.org/@esbuild%2faix-ppc64 24ms (cache miss)
781 silly packumentCache full:https://registry.npmjs.org/@esbuild%2faix-ppc64 set size:undefined disposed:false
782 silly fetch manifest @esbuild/linux-arm@0.21.5
783 silly packumentCache full:https://registry.npmjs.org/@esbuild%2flinux-arm cache-miss
784 http fetch GET 200 https://registry.npmjs.org/@esbuild%2flinux-arm 34ms (cache miss)
785 silly packumentCache full:https://registry.npmjs.org/@esbuild%2flinux-arm set size:undefined disposed:false
786 silly fetch manifest @esbuild/linux-x64@0.21.5
787 silly packumentCache full:https://registry.npmjs.org/@esbuild%2flinux-x64 cache-miss
788 http fetch GET 200 https://registry.npmjs.org/@esbuild%2flinux-x64 33ms (cache miss)
789 silly packumentCache full:https://registry.npmjs.org/@esbuild%2flinux-x64 set size:undefined disposed:false
790 silly fetch manifest @esbuild/sunos-x64@0.21.5
791 silly packumentCache full:https://registry.npmjs.org/@esbuild%2fsunos-x64 cache-miss
792 http fetch GET 200 https://registry.npmjs.org/@esbuild%2fsunos-x64 33ms (cache miss)
793 silly packumentCache full:https://registry.npmjs.org/@esbuild%2fsunos-x64 set size:undefined disposed:false
794 silly fetch manifest @esbuild/win32-x64@0.21.5
795 silly packumentCache full:https://registry.npmjs.org/@esbuild%2fwin32-x64 cache-miss
796 http fetch GET 200 https://registry.npmjs.org/@esbuild%2fwin32-x64 30ms (cache miss)
797 silly packumentCache full:https://registry.npmjs.org/@esbuild%2fwin32-x64 set size:undefined disposed:false
798 silly fetch manifest @esbuild/darwin-x64@0.21.5
799 silly packumentCache full:https://registry.npmjs.org/@esbuild%2fdarwin-x64 cache-miss
800 http fetch GET 200 https://registry.npmjs.org/@esbuild%2fdarwin-x64 31ms (cache miss)
801 silly packumentCache full:https://registry.npmjs.org/@esbuild%2fdarwin-x64 set size:undefined disposed:false
802 silly fetch manifest @esbuild/linux-ia32@0.21.5
803 silly packumentCache full:https://registry.npmjs.org/@esbuild%2flinux-ia32 cache-miss
804 http fetch GET 200 https://registry.npmjs.org/@esbuild%2flinux-ia32 33ms (cache miss)
805 silly packumentCache full:https://registry.npmjs.org/@esbuild%2flinux-ia32 set size:undefined disposed:false
806 silly fetch manifest @esbuild/netbsd-x64@0.21.5
807 silly packumentCache full:https://registry.npmjs.org/@esbuild%2fnetbsd-x64 cache-miss
808 http fetch GET 200 https://registry.npmjs.org/@esbuild%2fnetbsd-x64 46ms (cache miss)
809 silly packumentCache full:https://registry.npmjs.org/@esbuild%2fnetbsd-x64 set size:undefined disposed:false
810 silly fetch manifest @esbuild/win32-ia32@0.21.5
811 silly packumentCache full:https://registry.npmjs.org/@esbuild%2fwin32-ia32 cache-miss
812 http fetch GET 200 https://registry.npmjs.org/@esbuild%2fwin32-ia32 34ms (cache miss)
813 silly packumentCache full:https://registry.npmjs.org/@esbuild%2fwin32-ia32 set size:undefined disposed:false
814 silly fetch manifest @esbuild/android-arm@0.21.5
815 silly packumentCache full:https://registry.npmjs.org/@esbuild%2fandroid-arm cache-miss
816 http fetch GET 200 https://registry.npmjs.org/@esbuild%2fandroid-arm 39ms (cache miss)
817 silly packumentCache full:https://registry.npmjs.org/@esbuild%2fandroid-arm set size:undefined disposed:false
818 silly fetch manifest @esbuild/android-x64@0.21.5
819 silly packumentCache full:https://registry.npmjs.org/@esbuild%2fandroid-x64 cache-miss
820 http fetch GET 200 https://registry.npmjs.org/@esbuild%2fandroid-x64 30ms (cache miss)
821 silly packumentCache full:https://registry.npmjs.org/@esbuild%2fandroid-x64 set size:undefined disposed:false
822 silly fetch manifest @esbuild/freebsd-x64@0.21.5
823 silly packumentCache full:https://registry.npmjs.org/@esbuild%2ffreebsd-x64 cache-miss
824 http fetch GET 200 https://registry.npmjs.org/@esbuild%2ffreebsd-x64 38ms (cache miss)
825 silly packumentCache full:https://registry.npmjs.org/@esbuild%2ffreebsd-x64 set size:undefined disposed:false
826 silly fetch manifest @esbuild/linux-arm64@0.21.5
827 silly packumentCache full:https://registry.npmjs.org/@esbuild%2flinux-arm64 cache-miss
828 http fetch GET 200 https://registry.npmjs.org/@esbuild%2flinux-arm64 28ms (cache miss)
829 silly packumentCache full:https://registry.npmjs.org/@esbuild%2flinux-arm64 set size:undefined disposed:false
830 silly fetch manifest @esbuild/linux-ppc64@0.21.5
831 silly packumentCache full:https://registry.npmjs.org/@esbuild%2flinux-ppc64 cache-miss
832 http fetch GET 200 https://registry.npmjs.org/@esbuild%2flinux-ppc64 46ms (cache miss)
833 silly packumentCache full:https://registry.npmjs.org/@esbuild%2flinux-ppc64 set size:undefined disposed:false
834 silly fetch manifest @esbuild/linux-s390x@0.21.5
835 silly packumentCache full:https://registry.npmjs.org/@esbuild%2flinux-s390x cache-miss
836 http fetch GET 200 https://registry.npmjs.org/@esbuild%2flinux-s390x 40ms (cache miss)
837 silly packumentCache full:https://registry.npmjs.org/@esbuild%2flinux-s390x set size:undefined disposed:false
838 silly fetch manifest @esbuild/openbsd-x64@0.21.5
839 silly packumentCache full:https://registry.npmjs.org/@esbuild%2fopenbsd-x64 cache-miss
840 http fetch GET 200 https://registry.npmjs.org/@esbuild%2fopenbsd-x64 48ms (cache miss)
841 silly packumentCache full:https://registry.npmjs.org/@esbuild%2fopenbsd-x64 set size:undefined disposed:false
842 silly fetch manifest @esbuild/win32-arm64@0.21.5
843 silly packumentCache full:https://registry.npmjs.org/@esbuild%2fwin32-arm64 cache-miss
844 http fetch GET 200 https://registry.npmjs.org/@esbuild%2fwin32-arm64 39ms (cache miss)
845 silly packumentCache full:https://registry.npmjs.org/@esbuild%2fwin32-arm64 set size:undefined disposed:false
846 silly fetch manifest @esbuild/darwin-arm64@0.21.5
847 silly packumentCache full:https://registry.npmjs.org/@esbuild%2fdarwin-arm64 cache-miss
848 http fetch GET 200 https://registry.npmjs.org/@esbuild%2fdarwin-arm64 35ms (cache miss)
849 silly packumentCache full:https://registry.npmjs.org/@esbuild%2fdarwin-arm64 set size:undefined disposed:false
850 silly fetch manifest @esbuild/android-arm64@0.21.5
851 silly packumentCache full:https://registry.npmjs.org/@esbuild%2fandroid-arm64 cache-miss
852 http fetch GET 200 https://registry.npmjs.org/@esbuild%2fandroid-arm64 35ms (cache miss)
853 silly packumentCache full:https://registry.npmjs.org/@esbuild%2fandroid-arm64 set size:undefined disposed:false
854 silly fetch manifest @esbuild/freebsd-arm64@0.21.5
855 silly packumentCache full:https://registry.npmjs.org/@esbuild%2ffreebsd-arm64 cache-miss
856 http fetch GET 200 https://registry.npmjs.org/@esbuild%2ffreebsd-arm64 37ms (cache miss)
857 silly packumentCache full:https://registry.npmjs.org/@esbuild%2ffreebsd-arm64 set size:undefined disposed:false
858 silly fetch manifest @esbuild/linux-loong64@0.21.5
859 silly packumentCache full:https://registry.npmjs.org/@esbuild%2flinux-loong64 cache-miss
860 http fetch GET 200 https://registry.npmjs.org/@esbuild%2flinux-loong64 31ms (cache miss)
861 silly packumentCache full:https://registry.npmjs.org/@esbuild%2flinux-loong64 set size:undefined disposed:false
862 silly fetch manifest @esbuild/linux-riscv64@0.21.5
863 silly packumentCache full:https://registry.npmjs.org/@esbuild%2flinux-riscv64 cache-miss
864 http fetch GET 200 https://registry.npmjs.org/@esbuild%2flinux-riscv64 40ms (cache miss)
865 silly packumentCache full:https://registry.npmjs.org/@esbuild%2flinux-riscv64 set size:undefined disposed:false
866 silly fetch manifest @esbuild/linux-mips64el@0.21.5
867 silly packumentCache full:https://registry.npmjs.org/@esbuild%2flinux-mips64el cache-miss
868 http fetch GET 200 https://registry.npmjs.org/@esbuild%2flinux-mips64el 40ms (cache miss)
869 silly packumentCache full:https://registry.npmjs.org/@esbuild%2flinux-mips64el set size:undefined disposed:false
870 silly fetch manifest @types/estree@1.0.9
871 silly packumentCache full:https://registry.npmjs.org/@types%2festree cache-miss
872 http fetch GET 200 https://registry.npmjs.org/@types%2festree 23ms (cache miss)
873 silly packumentCache full:https://registry.npmjs.org/@types%2festree set size:undefined disposed:false
874 silly fetch manifest @rollup/rollup-darwin-x64@4.63.1
875 silly packumentCache full:https://registry.npmjs.org/@rollup%2frollup-darwin-x64 cache-miss
876 http fetch GET 200 https://registry.npmjs.org/@rollup%2frollup-darwin-x64 37ms (cache miss)
877 silly packumentCache full:https://registry.npmjs.org/@rollup%2frollup-darwin-x64 set size:undefined disposed:false
878 silly fetch manifest @rollup/rollup-freebsd-x64@4.63.1
879 silly packumentCache full:https://registry.npmjs.org/@rollup%2frollup-freebsd-x64 cache-miss
880 http fetch GET 200 https://registry.npmjs.org/@rollup%2frollup-freebsd-x64 32ms (cache miss)
881 silly packumentCache full:https://registry.npmjs.org/@rollup%2frollup-freebsd-x64 set size:undefined disposed:false
882 silly fetch manifest @rollup/rollup-openbsd-x64@4.63.1
883 silly packumentCache full:https://registry.npmjs.org/@rollup%2frollup-openbsd-x64 cache-miss
884 http fetch GET 200 https://registry.npmjs.org/@rollup%2frollup-openbsd-x64 27ms (cache miss)
885 silly packumentCache full:https://registry.npmjs.org/@rollup%2frollup-openbsd-x64 set size:undefined disposed:false
886 silly fetch manifest @napi-rs/lzma-linux-x64-gnu@1.5.1
887 silly packumentCache full:https://registry.npmjs.org/@napi-rs%2flzma-linux-x64-gnu cache-miss
888 http fetch GET 200 https://registry.npmjs.org/@napi-rs%2flzma-linux-x64-gnu 29ms (cache miss)
889 silly packumentCache full:https://registry.npmjs.org/@napi-rs%2flzma-linux-x64-gnu set size:undefined disposed:false
890 silly fetch manifest @rollup/rollup-darwin-arm64@4.63.1
891 silly packumentCache full:https://registry.npmjs.org/@rollup%2frollup-darwin-arm64 cache-miss
892 http fetch GET 200 https://registry.npmjs.org/@rollup%2frollup-darwin-arm64 36ms (cache miss)
893 silly packumentCache full:https://registry.npmjs.org/@rollup%2frollup-darwin-arm64 set size:undefined disposed:false
894 silly fetch manifest @rollup/rollup-android-arm64@4.63.1
895 silly packumentCache full:https://registry.npmjs.org/@rollup%2frollup-android-arm64 cache-miss
896 http fetch GET 200 https://registry.npmjs.org/@rollup%2frollup-android-arm64 43ms (cache miss)
897 silly packumentCache full:https://registry.npmjs.org/@rollup%2frollup-android-arm64 set size:undefined disposed:false
898 silly fetch manifest @rollup/rollup-freebsd-arm64@4.63.1
899 silly packumentCache full:https://registry.npmjs.org/@rollup%2frollup-freebsd-arm64 cache-miss
900 http fetch GET 200 https://registry.npmjs.org/@rollup%2frollup-freebsd-arm64 28ms (cache miss)
901 silly packumentCache full:https://registry.npmjs.org/@rollup%2frollup-freebsd-arm64 set size:undefined disposed:false
902 silly fetch manifest @rollup/rollup-linux-x64-gnu@4.63.1
903 silly packumentCache full:https://registry.npmjs.org/@rollup%2frollup-linux-x64-gnu cache-miss
904 http fetch GET 200 https://registry.npmjs.org/@rollup%2frollup-linux-x64-gnu 36ms (cache miss)
905 silly packumentCache full:https://registry.npmjs.org/@rollup%2frollup-linux-x64-gnu set size:undefined disposed:false
906 silly fetch manifest @rollup/rollup-win32-x64-gnu@4.63.1
907 silly packumentCache full:https://registry.npmjs.org/@rollup%2frollup-win32-x64-gnu cache-miss
908 http fetch GET 200 https://registry.npmjs.org/@rollup%2frollup-win32-x64-gnu 31ms (cache miss)
909 silly packumentCache full:https://registry.npmjs.org/@rollup%2frollup-win32-x64-gnu set size:undefined disposed:false
910 silly fetch manifest @rollup/rollup-linux-x64-musl@4.63.1
911 silly packumentCache full:https://registry.npmjs.org/@rollup%2frollup-linux-x64-musl cache-miss
912 http fetch GET 200 https://registry.npmjs.org/@rollup%2frollup-linux-x64-musl 42ms (cache miss)
913 silly packumentCache full:https://registry.npmjs.org/@rollup%2frollup-linux-x64-musl set size:undefined disposed:false
914 silly fetch manifest @rollup/rollup-win32-x64-msvc@4.63.1
915 silly packumentCache full:https://registry.npmjs.org/@rollup%2frollup-win32-x64-msvc cache-miss
916 http fetch GET 200 https://registry.npmjs.org/@rollup%2frollup-win32-x64-msvc 35ms (cache miss)
917 silly packumentCache full:https://registry.npmjs.org/@rollup%2frollup-win32-x64-msvc set size:undefined disposed:false
918 silly fetch manifest @rollup/rollup-linux-arm64-gnu@4.63.1
919 silly packumentCache full:https://registry.npmjs.org/@rollup%2frollup-linux-arm64-gnu cache-miss
920 http fetch GET 200 https://registry.npmjs.org/@rollup%2frollup-linux-arm64-gnu 36ms (cache miss)
921 silly packumentCache full:https://registry.npmjs.org/@rollup%2frollup-linux-arm64-gnu set size:undefined disposed:false
922 silly fetch manifest @rollup/rollup-linux-ppc64-gnu@4.63.1
923 silly packumentCache full:https://registry.npmjs.org/@rollup%2frollup-linux-ppc64-gnu cache-miss
924 http fetch GET 200 https://registry.npmjs.org/@rollup%2frollup-linux-ppc64-gnu 26ms (cache miss)
925 silly packumentCache full:https://registry.npmjs.org/@rollup%2frollup-linux-ppc64-gnu set size:undefined disposed:false
926 silly fetch manifest @rollup/rollup-linux-s390x-gnu@4.63.1
927 silly packumentCache full:https://registry.npmjs.org/@rollup%2frollup-linux-s390x-gnu cache-miss
928 http fetch GET 200 https://registry.npmjs.org/@rollup%2frollup-linux-s390x-gnu 34ms (cache miss)
929 silly packumentCache full:https://registry.npmjs.org/@rollup%2frollup-linux-s390x-gnu set size:undefined disposed:false
930 silly fetch manifest @rollup/rollup-win32-ia32-msvc@4.63.1
931 silly packumentCache full:https://registry.npmjs.org/@rollup%2frollup-win32-ia32-msvc cache-miss
932 http fetch GET 200 https://registry.npmjs.org/@rollup%2frollup-win32-ia32-msvc 34ms (cache miss)
933 silly packumentCache full:https://registry.npmjs.org/@rollup%2frollup-win32-ia32-msvc set size:undefined disposed:false
934 silly fetch manifest @rollup/rollup-android-arm-eabi@4.63.1
935 silly packumentCache full:https://registry.npmjs.org/@rollup%2frollup-android-arm-eabi cache-miss
936 http fetch GET 200 https://registry.npmjs.org/@rollup%2frollup-android-arm-eabi 37ms (cache miss)
937 silly packumentCache full:https://registry.npmjs.org/@rollup%2frollup-android-arm-eabi set size:undefined disposed:false
938 silly fetch manifest @rollup/rollup-linux-arm64-musl@4.63.1
939 silly packumentCache full:https://registry.npmjs.org/@rollup%2frollup-linux-arm64-musl cache-miss
940 http fetch GET 200 https://registry.npmjs.org/@rollup%2frollup-linux-arm64-musl 36ms (cache miss)
941 silly packumentCache full:https://registry.npmjs.org/@rollup%2frollup-linux-arm64-musl set size:undefined disposed:false
942 silly fetch manifest @rollup/rollup-linux-ppc64-musl@4.63.1
943 silly packumentCache full:https://registry.npmjs.org/@rollup%2frollup-linux-ppc64-musl cache-miss
944 http fetch GET 200 https://registry.npmjs.org/@rollup%2frollup-linux-ppc64-musl 29ms (cache miss)
945 silly packumentCache full:https://registry.npmjs.org/@rollup%2frollup-linux-ppc64-musl set size:undefined disposed:false
946 silly fetch manifest @rollup/rollup-win32-arm64-msvc@4.63.1
947 silly packumentCache full:https://registry.npmjs.org/@rollup%2frollup-win32-arm64-msvc cache-miss
948 http fetch GET 200 https://registry.npmjs.org/@rollup%2frollup-win32-arm64-msvc 33ms (cache miss)
949 silly packumentCache full:https://registry.npmjs.org/@rollup%2frollup-win32-arm64-msvc set size:undefined disposed:false
950 silly fetch manifest @rollup/rollup-linux-loong64-gnu@4.63.1
951 silly packumentCache full:https://registry.npmjs.org/@rollup%2frollup-linux-loong64-gnu cache-miss
952 http fetch GET 200 https://registry.npmjs.org/@rollup%2frollup-linux-loong64-gnu 39ms (cache miss)
953 silly packumentCache full:https://registry.npmjs.org/@rollup%2frollup-linux-loong64-gnu set size:undefined disposed:false
954 silly fetch manifest @rollup/rollup-linux-riscv64-gnu@4.63.1
955 silly packumentCache full:https://registry.npmjs.org/@rollup%2frollup-linux-riscv64-gnu cache-miss
956 http fetch GET 200 https://registry.npmjs.org/@rollup%2frollup-linux-riscv64-gnu 33ms (cache miss)
957 silly packumentCache full:https://registry.npmjs.org/@rollup%2frollup-linux-riscv64-gnu set size:undefined disposed:false
958 silly fetch manifest @rollup/rollup-openharmony-arm64@4.63.1
959 silly packumentCache full:https://registry.npmjs.org/@rollup%2frollup-openharmony-arm64 cache-miss
960 http fetch GET 200 https://registry.npmjs.org/@rollup%2frollup-openharmony-arm64 31ms (cache miss)
961 silly packumentCache full:https://registry.npmjs.org/@rollup%2frollup-openharmony-arm64 set size:undefined disposed:false
962 silly fetch manifest @rollup/rollup-linux-loong64-musl@4.63.1
963 silly packumentCache full:https://registry.npmjs.org/@rollup%2frollup-linux-loong64-musl cache-miss
964 http fetch GET 200 https://registry.npmjs.org/@rollup%2frollup-linux-loong64-musl 29ms (cache miss)
965 silly packumentCache full:https://registry.npmjs.org/@rollup%2frollup-linux-loong64-musl set size:undefined disposed:false
966 silly fetch manifest @rollup/rollup-linux-riscv64-musl@4.63.1
967 silly packumentCache full:https://registry.npmjs.org/@rollup%2frollup-linux-riscv64-musl cache-miss
968 http fetch GET 200 https://registry.npmjs.org/@rollup%2frollup-linux-riscv64-musl 40ms (cache miss)
969 silly packumentCache full:https://registry.npmjs.org/@rollup%2frollup-linux-riscv64-musl set size:undefined disposed:false
970 silly fetch manifest @rollup/rollup-linux-arm-gnueabihf@4.63.1
971 silly packumentCache full:https://registry.npmjs.org/@rollup%2frollup-linux-arm-gnueabihf cache-miss
972 http fetch GET 200 https://registry.npmjs.org/@rollup%2frollup-linux-arm-gnueabihf 33ms (cache miss)
973 silly packumentCache full:https://registry.npmjs.org/@rollup%2frollup-linux-arm-gnueabihf set size:undefined disposed:false
974 silly fetch manifest @rollup/rollup-linux-arm-musleabihf@4.63.1
975 silly packumentCache full:https://registry.npmjs.org/@rollup%2frollup-linux-arm-musleabihf cache-miss
976 http fetch GET 200 https://registry.npmjs.org/@rollup%2frollup-linux-arm-musleabihf 76ms (cache miss)
977 silly packumentCache full:https://registry.npmjs.org/@rollup%2frollup-linux-arm-musleabihf set size:undefined disposed:false
978 silly placeDep ROOT @esbuild/aix-ppc64@0.21.5 OK for: esbuild@0.21.5 want: 0.21.5
979 silly placeDep ROOT @esbuild/android-arm@0.21.5 OK for: esbuild@0.21.5 want: 0.21.5
980 silly placeDep ROOT @esbuild/android-arm64@0.21.5 OK for: esbuild@0.21.5 want: 0.21.5
981 silly placeDep ROOT @esbuild/android-x64@0.21.5 OK for: esbuild@0.21.5 want: 0.21.5
982 silly placeDep ROOT @esbuild/darwin-arm64@0.21.5 OK for: esbuild@0.21.5 want: 0.21.5
983 silly placeDep ROOT @esbuild/darwin-x64@0.21.5 OK for: esbuild@0.21.5 want: 0.21.5
984 silly placeDep ROOT @esbuild/freebsd-arm64@0.21.5 OK for: esbuild@0.21.5 want: 0.21.5
985 silly placeDep ROOT @esbuild/freebsd-x64@0.21.5 OK for: esbuild@0.21.5 want: 0.21.5
986 silly placeDep ROOT @esbuild/linux-arm@0.21.5 OK for: esbuild@0.21.5 want: 0.21.5
987 silly placeDep ROOT @esbuild/linux-arm64@0.21.5 OK for: esbuild@0.21.5 want: 0.21.5
988 silly placeDep ROOT @esbuild/linux-ia32@0.21.5 OK for: esbuild@0.21.5 want: 0.21.5
989 silly placeDep ROOT @esbuild/linux-loong64@0.21.5 OK for: esbuild@0.21.5 want: 0.21.5
990 silly placeDep ROOT @esbuild/linux-mips64el@0.21.5 OK for: esbuild@0.21.5 want: 0.21.5
991 silly placeDep ROOT @esbuild/linux-ppc64@0.21.5 OK for: esbuild@0.21.5 want: 0.21.5
992 silly placeDep ROOT @esbuild/linux-riscv64@0.21.5 OK for: esbuild@0.21.5 want: 0.21.5
993 silly placeDep ROOT @esbuild/linux-s390x@0.21.5 OK for: esbuild@0.21.5 want: 0.21.5
994 silly placeDep ROOT @esbuild/linux-x64@0.21.5 OK for: esbuild@0.21.5 want: 0.21.5
995 silly placeDep ROOT @esbuild/netbsd-x64@0.21.5 OK for: esbuild@0.21.5 want: 0.21.5
996 silly placeDep ROOT @esbuild/openbsd-x64@0.21.5 OK for: esbuild@0.21.5 want: 0.21.5
997 silly placeDep ROOT @esbuild/sunos-x64@0.21.5 OK for: esbuild@0.21.5 want: 0.21.5
998 silly placeDep ROOT @esbuild/win32-arm64@0.21.5 OK for: esbuild@0.21.5 want: 0.21.5
999 silly placeDep ROOT @esbuild/win32-ia32@0.21.5 OK for: esbuild@0.21.5 want: 0.21.5
1000 silly placeDep ROOT @esbuild/win32-x64@0.21.5 OK for: esbuild@0.21.5 want: 0.21.5
1001 silly placeDep ROOT @napi-rs/lzma-linux-x64-gnu@1.5.1 OK for: rollup@4.63.1 want: 1.5.1
1002 silly placeDep ROOT @rollup/rollup-android-arm-eabi@4.63.1 OK for: rollup@4.63.1 want: 4.63.1
1003 silly placeDep ROOT @rollup/rollup-android-arm64@4.63.1 OK for: rollup@4.63.1 want: 4.63.1
1004 silly placeDep ROOT @rollup/rollup-darwin-arm64@4.63.1 OK for: rollup@4.63.1 want: 4.63.1
1005 silly placeDep ROOT @rollup/rollup-darwin-x64@4.63.1 OK for: rollup@4.63.1 want: 4.63.1
1006 silly placeDep ROOT @rollup/rollup-freebsd-arm64@4.63.1 OK for: rollup@4.63.1 want: 4.63.1
1007 silly placeDep ROOT @rollup/rollup-freebsd-x64@4.63.1 OK for: rollup@4.63.1 want: 4.63.1
1008 silly placeDep ROOT @rollup/rollup-linux-arm-gnueabihf@4.63.1 OK for: rollup@4.63.1 want: 4.63.1
1009 silly placeDep ROOT @rollup/rollup-linux-arm-musleabihf@4.63.1 OK for: rollup@4.63.1 want: 4.63.1
1010 silly placeDep ROOT @rollup/rollup-linux-arm64-gnu@4.63.1 OK for: rollup@4.63.1 want: 4.63.1
1011 silly placeDep ROOT @rollup/rollup-linux-arm64-musl@4.63.1 OK for: rollup@4.63.1 want: 4.63.1
1012 silly placeDep ROOT @rollup/rollup-linux-loong64-gnu@4.63.1 OK for: rollup@4.63.1 want: 4.63.1
1013 silly placeDep ROOT @rollup/rollup-linux-loong64-musl@4.63.1 OK for: rollup@4.63.1 want: 4.63.1
1014 silly placeDep ROOT @rollup/rollup-linux-ppc64-gnu@4.63.1 OK for: rollup@4.63.1 want: 4.63.1
1015 silly placeDep ROOT @rollup/rollup-linux-ppc64-musl@4.63.1 OK for: rollup@4.63.1 want: 4.63.1
1016 silly placeDep ROOT @rollup/rollup-linux-riscv64-gnu@4.63.1 OK for: rollup@4.63.1 want: 4.63.1
1017 silly placeDep ROOT @rollup/rollup-linux-riscv64-musl@4.63.1 OK for: rollup@4.63.1 want: 4.63.1
1018 silly placeDep ROOT @rollup/rollup-linux-s390x-gnu@4.63.1 OK for: rollup@4.63.1 want: 4.63.1
1019 silly placeDep ROOT @rollup/rollup-linux-x64-gnu@4.63.1 OK for: rollup@4.63.1 want: 4.63.1
1020 silly placeDep ROOT @rollup/rollup-linux-x64-musl@4.63.1 OK for: rollup@4.63.1 want: 4.63.1
1021 silly placeDep ROOT @rollup/rollup-openbsd-x64@4.63.1 OK for: rollup@4.63.1 want: 4.63.1
1022 silly placeDep ROOT @rollup/rollup-openharmony-arm64@4.63.1 OK for: rollup@4.63.1 want: 4.63.1
1023 silly placeDep ROOT @rollup/rollup-win32-arm64-msvc@4.63.1 OK for: rollup@4.63.1 want: 4.63.1
1024 silly placeDep ROOT @rollup/rollup-win32-ia32-msvc@4.63.1 OK for: rollup@4.63.1 want: 4.63.1
1025 silly placeDep ROOT @rollup/rollup-win32-x64-gnu@4.63.1 OK for: rollup@4.63.1 want: 4.63.1
1026 silly placeDep ROOT @rollup/rollup-win32-x64-msvc@4.63.1 OK for: rollup@4.63.1 want: 4.63.1
1027 silly placeDep ROOT @types/estree@1.0.9 OK for: rollup@4.63.1 want: 1.0.9
1028 silly reify moves {}
1029 silly audit bulk request {
1029 silly audit   '@vitejs/plugin-react': [ '4.7.0' ],
1029 silly audit   vite: [ '5.4.21' ],
1029 silly audit   autoprefixer: [ '10.5.4' ],
1029 silly audit   postcss: [ '8.5.26' ],
1029 silly audit   react: [ '18.3.1' ],
1029 silly audit   'react-dom': [ '18.3.1' ],
1029 silly audit   'react-router-dom': [ '6.30.6' ],
1029 silly audit   tailwindcss: [ '3.4.19' ],
1029 silly audit   '@babel/core': [ '7.29.7' ],
1029 silly audit   '@babel/plugin-transform-react-jsx-self': [ '7.29.7' ],
1029 silly audit   '@babel/plugin-transform-react-jsx-source': [ '7.29.7' ],
1029 silly audit   '@rolldown/pluginutils': [ '1.0.0-beta.27' ],
1029 silly audit   '@types/babel__core': [ '7.20.5' ],
1029 silly audit   'react-refresh': [ '0.17.0' ],
1029 silly audit   '@babel/code-frame': [ '7.29.7' ],
1029 silly audit   '@babel/generator': [ '7.29.8' ],
1029 silly audit   '@babel/helper-compilation-targets': [ '7.29.7' ],
1029 silly audit   '@babel/helper-module-transforms': [ '7.29.7' ],
1029 silly audit   '@babel/helpers': [ '7.29.7' ],
1029 silly audit   '@babel/parser': [ '7.29.8' ],
1029 silly audit   '@babel/template': [ '7.29.7' ],
1029 silly audit   '@babel/traverse': [ '7.29.8' ],
1029 silly audit   '@babel/types': [ '7.29.8' ],
1029 silly audit   '@jridgewell/remapping': [ '2.3.5' ],
1029 silly audit   'convert-source-map': [ '2.0.0' ],
1029 silly audit   debug: [ '4.4.3' ],
1029 silly audit   gensync: [ '1.0.0-beta.2' ],
1029 silly audit   json5: [ '2.2.3' ],
1029 silly audit   semver: [ '6.3.1' ],
1029 silly audit   '@babel/helper-validator-identifier': [ '7.29.7' ],
1029 silly audit   'js-tokens': [ '4.0.0' ],
1029 silly audit   picocolors: [ '1.1.1' ],
1029 silly audit   '@jridgewell/gen-mapping': [ '0.3.13' ],
1029 silly audit   '@jridgewell/trace-mapping': [ '0.3.31' ],
1029 silly audit   jsesc: [ '3.1.0' ],
1029 silly audit   '@babel/compat-data': [ '7.29.7' ],
1029 silly audit   '@babel/helper-validator-option': [ '7.29.7' ],
1029 silly audit   browserslist: [ '4.28.8' ],
1029 silly audit   'lru-cache': [ '5.1.1' ],
1029 silly audit   '@babel/helper-module-imports': [ '7.29.7' ],
1029 silly audit   '@babel/helper-plugin-utils': [ '7.29.7' ],
1029 silly audit   '@babel/helper-globals': [ '7.29.7' ],
1029 silly audit   '@babel/helper-string-parser': [ '7.29.7' ],
1029 silly audit   '@jridgewell/sourcemap-codec': [ '1.6.0' ],
1029 silly audit   '@jridgewell/resolve-uri': [ '3.1.2' ],
1029 silly audit   '@types/babel__generator': [ '7.27.0' ],
1029 silly audit   '@types/babel__template': [ '7.4.4' ],
1029 silly audit   '@types/babel__traverse': [ '7.28.0' ],
1029 silly audit   'caniuse-lite': [ '1.0.30001810' ],
1029 silly audit   'fraction.js': [ '5.3.4' ],
1029 silly audit   'postcss-value-parser': [ '4.2.0' ],
1029 silly audit   'baseline-browser-mapping': [ '2.11.20' ],
1029 silly audit   'electron-to-chromium': [ '1.5.418' ],
1029 silly audit   'node-releases': [ '2.0.54' ],
1029 silly audit   'update-browserslist-db': [ '1.3.2' ],
1029 silly audit   ms: [ '2.1.3' ],
1029 silly audit   yallist: [ '3.1.1' ],
1029 silly audit   nanoid: [ '3.3.18' ],
1029 silly audit   'source-map-js': [ '1.2.1' ],
1029 silly audit   'loose-envify': [ '1.4.0' ],
1029 silly audit   scheduler: [ '0.23.2' ],
1029 silly audit   '@remix-run/router': [ '1.23.4' ],
1029 silly audit   'react-router': [ '6.30.6' ],
1029 silly audit   '@alloc/quick-lru': [ '5.3.0' ],
1029 silly audit   arg: [ '5.0.2' ],
1029 silly audit   chokidar: [ '3.6.0' ],
1029 silly audit   didyoumean: [ '1.2.2' ],
1029 silly audit   dlv: [ '1.1.3' ],
1029 silly audit   'fast-glob': [ '3.3.3' ],
1029 silly audit   'glob-parent': [ '6.0.2', '5.1.2' ],
1029 silly audit   'is-glob': [ '4.0.3' ],
1029 silly audit   jiti: [ '1.21.7' ],
1029 silly audit   lilconfig: [ '3.1.3' ],
1029 silly audit   micromatch: [ '4.0.8' ],
1029 silly audit   'normalize-path': [ '3.0.0' ],
1029 silly audit   'object-hash': [ '3.0.0' ],
1029 silly audit   'postcss-import': [ '15.1.0' ],
1029 silly audit   'postcss-js': [ '4.1.0' ],
1029 silly audit   'postcss-load-config': [ '6.0.1' ],
1029 silly audit   'postcss-nested': [ '6.2.0' ],
1029 silly audit   'postcss-selector-parser': [ '6.1.4' ],
1029 silly audit   resolve: [ '1.22.12' ],
1029 silly audit   sucrase: [ '3.35.1' ],
1029 silly audit   anymatch: [ '3.1.3' ],
1029 silly audit   braces: [ '3.0.3' ],
1029 silly audit   fsevents: [ '2.3.3' ],
1029 silly audit   'is-binary-path': [ '2.1.0' ],
1029 silly audit   readdirp: [ '3.6.0' ],
1029 silly audit   picomatch: [ '2.3.2', '4.0.7' ],
1029 silly audit   'fill-range': [ '7.1.1' ],
1029 silly audit   '@nodelib/fs.stat': [ '2.0.5' ],
1029 silly audit   '@nodelib/fs.walk': [ '1.2.8' ],
1029 silly audit   merge2: [ '1.4.1' ],
1029 silly audit   '@nodelib/fs.scandir': [ '2.1.5' ],
1029 silly audit   fastq: [ '1.20.3' ],
1029 silly audit   'run-parallel': [ '1.2.0' ],
1029 silly audit   reusify: [ '1.1.0' ],
1029 silly audit   'to-regex-range': [ '5.0.1' ],
1029 silly audit   'binary-extensions': [ '2.3.0' ],
1029 silly audit   'is-extglob': [ '2.1.1' ],
1029 silly audit   'read-cache': [ '1.0.2' ],
1029 silly audit   'camelcase-css': [ '2.0.1' ],
1029 silly audit   cssesc: [ '3.0.0' ],
1029 silly audit   'util-deprecate': [ '1.0.2' ],
1029 silly audit   'es-errors': [ '1.3.0' ],
1029 silly audit   'is-core-module': [ '2.16.2' ],
1029 silly audit   'path-parse': [ '1.0.7' ],
1029 silly audit   'supports-preserve-symlinks-flag': [ '1.0.0' ],
1029 silly audit   hasown: [ '2.0.4' ],
1029 silly audit   'function-bind': [ '1.1.2' ],
1029 silly audit   'queue-microtask': [ '1.2.3' ],
1029 silly audit   commander: [ '4.1.1' ],
1029 silly audit   'lines-and-columns': [ '1.2.4' ],
1029 silly audit   mz: [ '2.7.0' ],
1029 silly audit   pirates: [ '4.0.7' ],
1029 silly audit   tinyglobby: [ '0.2.17' ],
1029 silly audit   'ts-interface-checker': [ '0.1.13' ],
1029 silly audit   'any-promise': [ '1.3.0' ],
1029 silly audit   'object-assign': [ '4.1.1' ],
1029 silly audit   'thenify-all': [ '1.6.0' ],
1029 silly audit   thenify: [ '3.3.1' ],
1029 silly audit   fdir: [ '6.5.0' ],
1029 silly audit   'is-number': [ '7.0.0' ],
1029 silly audit   escalade: [ '3.2.0' ],
1029 silly audit   esbuild: [ '0.21.5' ],
1029 silly audit   rollup: [ '4.63.1' ],
1029 silly audit   '@esbuild/aix-ppc64': [ '0.21.5' ],
1029 silly audit   '@esbuild/android-arm': [ '0.21.5' ],
1029 silly audit   '@esbuild/android-arm64': [ '0.21.5' ],
1029 silly audit   '@esbuild/android-x64': [ '0.21.5' ],
1029 silly audit   '@esbuild/darwin-arm64': [ '0.21.5' ],
1029 silly audit   '@esbuild/darwin-x64': [ '0.21.5' ],
1029 silly audit   '@esbuild/freebsd-arm64': [ '0.21.5' ],
1029 silly audit   '@esbuild/freebsd-x64': [ '0.21.5' ],
1029 silly audit   '@esbuild/linux-arm': [ '0.21.5' ],
1029 silly audit   '@esbuild/linux-arm64': [ '0.21.5' ],
1029 silly audit   '@esbuild/linux-ia32': [ '0.21.5' ],
1029 silly audit   '@esbuild/linux-loong64': [ '0.21.5' ],
1029 silly audit   '@esbuild/linux-mips64el': [ '0.21.5' ],
1029 silly audit   '@esbuild/linux-ppc64': [ '0.21.5' ],
1029 silly audit   '@esbuild/linux-riscv64': [ '0.21.5' ],
1029 silly audit   '@esbuild/linux-s390x': [ '0.21.5' ],
1029 silly audit   '@esbuild/linux-x64': [ '0.21.5' ],
1029 silly audit   '@esbuild/netbsd-x64': [ '0.21.5' ],
1029 silly audit   '@esbuild/openbsd-x64': [ '0.21.5' ],
1029 silly audit   '@esbuild/sunos-x64': [ '0.21.5' ],
1029 silly audit   '@esbuild/win32-arm64': [ '0.21.5' ],
1029 silly audit   '@esbuild/win32-ia32': [ '0.21.5' ],
1029 silly audit   '@esbuild/win32-x64': [ '0.21.5' ],
1029 silly audit   '@napi-rs/lzma-linux-x64-gnu': [ '1.5.1' ],
1029 silly audit   '@rollup/rollup-android-arm-eabi': [ '4.63.1' ],
1029 silly audit   '@rollup/rollup-android-arm64': [ '4.63.1' ],
1029 silly audit   '@rollup/rollup-darwin-arm64': [ '4.63.1' ],
1029 silly audit   '@rollup/rollup-darwin-x64': [ '4.63.1' ],
1029 silly audit   '@rollup/rollup-freebsd-arm64': [ '4.63.1' ],
1029 silly audit   '@rollup/rollup-freebsd-x64': [ '4.63.1' ],
1029 silly audit   '@rollup/rollup-linux-arm-gnueabihf': [ '4.63.1' ],
1029 silly audit   '@rollup/rollup-linux-arm-musleabihf': [ '4.63.1' ],
1029 silly audit   '@rollup/rollup-linux-arm64-gnu': [ '4.63.1' ],
1029 silly audit   '@rollup/rollup-linux-arm64-musl': [ '4.63.1' ],
1029 silly audit   '@rollup/rollup-linux-loong64-gnu': [ '4.63.1' ],
1029 silly audit   '@rollup/rollup-linux-loong64-musl': [ '4.63.1' ],
1029 silly audit   '@rollup/rollup-linux-ppc64-gnu': [ '4.63.1' ],
1029 silly audit   '@rollup/rollup-linux-ppc64-musl': [ '4.63.1' ],
1029 silly audit   '@rollup/rollup-linux-riscv64-gnu': [ '4.63.1' ],
1029 silly audit   '@rollup/rollup-linux-riscv64-musl': [ '4.63.1' ],
1029 silly audit   '@rollup/rollup-linux-s390x-gnu': [ '4.63.1' ],
1029 silly audit   '@rollup/rollup-linux-x64-gnu': [ '4.63.1' ],
1029 silly audit   '@rollup/rollup-linux-x64-musl': [ '4.63.1' ],
1029 silly audit   '@rollup/rollup-openbsd-x64': [ '4.63.1' ],
1029 silly audit   '@rollup/rollup-openharmony-arm64': [ '4.63.1' ],
1029 silly audit   '@rollup/rollup-win32-arm64-msvc': [ '4.63.1' ],
1029 silly audit   '@rollup/rollup-win32-ia32-msvc': [ '4.63.1' ],
1029 silly audit   '@rollup/rollup-win32-x64-gnu': [ '4.63.1' ],
1029 silly audit   '@rollup/rollup-win32-x64-msvc': [ '4.63.1' ],
1029 silly audit   '@types/estree': [ '1.0.9' ]
1029 silly audit }
1030 verbose reify failed optional dependency /app/node_modules/@rollup/rollup-win32-x64-msvc
1031 silly reify mark deleted [ '/app/node_modules/@rollup/rollup-win32-x64-msvc' ]
1032 verbose reify failed optional dependency /app/node_modules/@rollup/rollup-win32-x64-gnu
1033 silly reify mark deleted [ '/app/node_modules/@rollup/rollup-win32-x64-gnu' ]
1034 verbose reify failed optional dependency /app/node_modules/@rollup/rollup-win32-ia32-msvc
1035 silly reify mark deleted [ '/app/node_modules/@rollup/rollup-win32-ia32-msvc' ]
1036 verbose reify failed optional dependency /app/node_modules/@rollup/rollup-win32-arm64-msvc
1037 silly reify mark deleted [ '/app/node_modules/@rollup/rollup-win32-arm64-msvc' ]
1038 verbose reify failed optional dependency /app/node_modules/@rollup/rollup-openharmony-arm64
1039 silly reify mark deleted [ '/app/node_modules/@rollup/rollup-openharmony-arm64' ]
1040 verbose reify failed optional dependency /app/node_modules/@rollup/rollup-openbsd-x64
1041 silly reify mark deleted [ '/app/node_modules/@rollup/rollup-openbsd-x64' ]
1042 verbose reify failed optional dependency /app/node_modules/@rollup/rollup-linux-x64-musl
1043 silly reify mark deleted [ '/app/node_modules/@rollup/rollup-linux-x64-musl' ]
1044 verbose reify failed optional dependency /app/node_modules/@rollup/rollup-linux-s390x-gnu
1045 silly reify mark deleted [ '/app/node_modules/@rollup/rollup-linux-s390x-gnu' ]
1046 verbose reify failed optional dependency /app/node_modules/@rollup/rollup-linux-riscv64-musl
1047 silly reify mark deleted [ '/app/node_modules/@rollup/rollup-linux-riscv64-musl' ]
1048 verbose reify failed optional dependency /app/node_modules/@rollup/rollup-linux-riscv64-gnu
1049 silly reify mark deleted [ '/app/node_modules/@rollup/rollup-linux-riscv64-gnu' ]
1050 verbose reify failed optional dependency /app/node_modules/@rollup/rollup-linux-ppc64-musl
1051 silly reify mark deleted [ '/app/node_modules/@rollup/rollup-linux-ppc64-musl' ]
1052 verbose reify failed optional dependency /app/node_modules/@rollup/rollup-linux-ppc64-gnu
1053 silly reify mark deleted [ '/app/node_modules/@rollup/rollup-linux-ppc64-gnu' ]
1054 verbose reify failed optional dependency /app/node_modules/@rollup/rollup-linux-loong64-musl
1055 silly reify mark deleted [ '/app/node_modules/@rollup/rollup-linux-loong64-musl' ]
1056 verbose reify failed optional dependency /app/node_modules/@rollup/rollup-linux-loong64-gnu
1057 silly reify mark deleted [ '/app/node_modules/@rollup/rollup-linux-loong64-gnu' ]
1058 verbose reify failed optional dependency /app/node_modules/@rollup/rollup-linux-arm64-musl
1059 silly reify mark deleted [ '/app/node_modules/@rollup/rollup-linux-arm64-musl' ]
1060 verbose reify failed optional dependency /app/node_modules/@rollup/rollup-linux-arm64-gnu
1061 silly reify mark deleted [ '/app/node_modules/@rollup/rollup-linux-arm64-gnu' ]
1062 verbose reify failed optional dependency /app/node_modules/@rollup/rollup-linux-arm-musleabihf
1063 silly reify mark deleted [ '/app/node_modules/@rollup/rollup-linux-arm-musleabihf' ]
1064 verbose reify failed optional dependency /app/node_modules/@rollup/rollup-linux-arm-gnueabihf
1065 silly reify mark deleted [ '/app/node_modules/@rollup/rollup-linux-arm-gnueabihf' ]
1066 verbose reify failed optional dependency /app/node_modules/@rollup/rollup-freebsd-x64
1067 silly reify mark deleted [ '/app/node_modules/@rollup/rollup-freebsd-x64' ]
1068 verbose reify failed optional dependency /app/node_modules/@rollup/rollup-freebsd-arm64
1069 silly reify mark deleted [ '/app/node_modules/@rollup/rollup-freebsd-arm64' ]
1070 verbose reify failed optional dependency /app/node_modules/@rollup/rollup-darwin-x64
1071 silly reify mark deleted [ '/app/node_modules/@rollup/rollup-darwin-x64' ]
1072 verbose reify failed optional dependency /app/node_modules/@rollup/rollup-darwin-arm64
1073 silly reify mark deleted [ '/app/node_modules/@rollup/rollup-darwin-arm64' ]
1074 verbose reify failed optional dependency /app/node_modules/@rollup/rollup-android-arm64
1075 silly reify mark deleted [ '/app/node_modules/@rollup/rollup-android-arm64' ]
1076 verbose reify failed optional dependency /app/node_modules/@rollup/rollup-android-arm-eabi
1077 silly reify mark deleted [ '/app/node_modules/@rollup/rollup-android-arm-eabi' ]
1078 verbose reify failed optional dependency /app/node_modules/@esbuild/win32-x64
1079 silly reify mark deleted [ '/app/node_modules/@esbuild/win32-x64' ]
1080 verbose reify failed optional dependency /app/node_modules/@esbuild/win32-ia32
1081 silly reify mark deleted [ '/app/node_modules/@esbuild/win32-ia32' ]
1082 verbose reify failed optional dependency /app/node_modules/@esbuild/win32-arm64
1083 silly reify mark deleted [ '/app/node_modules/@esbuild/win32-arm64' ]
1084 verbose reify failed optional dependency /app/node_modules/@esbuild/sunos-x64
1085 silly reify mark deleted [ '/app/node_modules/@esbuild/sunos-x64' ]
1086 verbose reify failed optional dependency /app/node_modules/@esbuild/openbsd-x64
1087 silly reify mark deleted [ '/app/node_modules/@esbuild/openbsd-x64' ]
1088 verbose reify failed optional dependency /app/node_modules/@esbuild/netbsd-x64
1089 silly reify mark deleted [ '/app/node_modules/@esbuild/netbsd-x64' ]
1090 verbose reify failed optional dependency /app/node_modules/@esbuild/linux-s390x
1091 silly reify mark deleted [ '/app/node_modules/@esbuild/linux-s390x' ]
1092 verbose reify failed optional dependency /app/node_modules/@esbuild/linux-riscv64
1093 silly reify mark deleted [ '/app/node_modules/@esbuild/linux-riscv64' ]
1094 verbose reify failed optional dependency /app/node_modules/@esbuild/linux-ppc64
1095 silly reify mark deleted [ '/app/node_modules/@esbuild/linux-ppc64' ]
1096 verbose reify failed optional dependency /app/node_modules/@esbuild/linux-mips64el
1097 silly reify mark deleted [ '/app/node_modules/@esbuild/linux-mips64el' ]
1098 verbose reify failed optional dependency /app/node_modules/@esbuild/linux-loong64
1099 silly reify mark deleted [ '/app/node_modules/@esbuild/linux-loong64' ]
1100 verbose reify failed optional dependency /app/node_modules/@esbuild/linux-ia32
1101 silly reify mark deleted [ '/app/node_modules/@esbuild/linux-ia32' ]
1102 verbose reify failed optional dependency /app/node_modules/@esbuild/linux-arm64
1103 silly reify mark deleted [ '/app/node_modules/@esbuild/linux-arm64' ]
1104 verbose reify failed optional dependency /app/node_modules/@esbuild/linux-arm
1105 silly reify mark deleted [ '/app/node_modules/@esbuild/linux-arm' ]
1106 verbose reify failed optional dependency /app/node_modules/@esbuild/freebsd-x64
1107 silly reify mark deleted [ '/app/node_modules/@esbuild/freebsd-x64' ]
1108 verbose reify failed optional dependency /app/node_modules/@esbuild/freebsd-arm64
1109 silly reify mark deleted [ '/app/node_modules/@esbuild/freebsd-arm64' ]
1110 verbose reify failed optional dependency /app/node_modules/@esbuild/darwin-x64
1111 silly reify mark deleted [ '/app/node_modules/@esbuild/darwin-x64' ]
1112 verbose reify failed optional dependency /app/node_modules/@esbuild/darwin-arm64
1113 silly reify mark deleted [ '/app/node_modules/@esbuild/darwin-arm64' ]
1114 verbose reify failed optional dependency /app/node_modules/@esbuild/android-x64
1115 silly reify mark deleted [ '/app/node_modules/@esbuild/android-x64' ]
1116 verbose reify failed optional dependency /app/node_modules/@esbuild/android-arm64
1117 silly reify mark deleted [ '/app/node_modules/@esbuild/android-arm64' ]
1118 verbose reify failed optional dependency /app/node_modules/@esbuild/android-arm
1119 silly reify mark deleted [ '/app/node_modules/@esbuild/android-arm' ]
1120 verbose reify failed optional dependency /app/node_modules/@esbuild/aix-ppc64
1121 silly reify mark deleted [ '/app/node_modules/@esbuild/aix-ppc64' ]
1122 verbose reify failed optional dependency /app/node_modules/fsevents
1123 silly reify mark deleted [ '/app/node_modules/fsevents' ]
1124 http cache @types/estree@https://registry.npmjs.org/@types/estree/-/estree-1.0.9.tgz 0ms (cache hit)
1125 http cache @rollup/rollup-linux-x64-gnu@https://registry.npmjs.org/@rollup/rollup-linux-x64-gnu/-/rollup-linux-x64-gnu-4.63.1.tgz 0ms (cache hit)
1126 http cache @napi-rs/lzma-linux-x64-gnu@https://registry.npmjs.org/@napi-rs/lzma-linux-x64-gnu/-/lzma-linux-x64-gnu-1.5.1.tgz 0ms (cache hit)
1127 http cache esbuild@https://registry.npmjs.org/esbuild/-/esbuild-0.21.5.tgz 0ms (cache hit)
1128 http cache rollup@https://registry.npmjs.org/rollup/-/rollup-4.63.1.tgz 0ms (cache hit)
1129 http cache @esbuild/linux-x64@https://registry.npmjs.org/@esbuild/linux-x64/-/linux-x64-0.21.5.tgz 0ms (cache hit)
1130 http cache thenify-all@https://registry.npmjs.org/thenify-all/-/thenify-all-1.6.0.tgz 0ms (cache hit)
1131 http cache thenify@https://registry.npmjs.org/thenify/-/thenify-3.3.1.tgz 0ms (cache hit)
1132 http cache escalade@https://registry.npmjs.org/escalade/-/escalade-3.2.0.tgz 0ms (cache hit)
1133 http cache object-assign@https://registry.npmjs.org/object-assign/-/object-assign-4.1.1.tgz 0ms (cache hit)
1134 http cache any-promise@https://registry.npmjs.org/any-promise/-/any-promise-1.3.0.tgz 0ms (cache hit)
1135 http cache tinyglobby@https://registry.npmjs.org/tinyglobby/-/tinyglobby-0.2.17.tgz 0ms (cache hit)
1136 http cache ts-interface-checker@https://registry.npmjs.org/ts-interface-checker/-/ts-interface-checker-0.1.13.tgz 0ms (cache hit)
1137 http cache pirates@https://registry.npmjs.org/pirates/-/pirates-4.0.7.tgz 0ms (cache hit)
1138 http cache is-number@https://registry.npmjs.org/is-number/-/is-number-7.0.0.tgz 0ms (cache hit)
1139 http cache mz@https://registry.npmjs.org/mz/-/mz-2.7.0.tgz 0ms (cache hit)
1140 http cache commander@https://registry.npmjs.org/commander/-/commander-4.1.1.tgz 0ms (cache hit)
1141 http cache queue-microtask@https://registry.npmjs.org/queue-microtask/-/queue-microtask-1.2.3.tgz 0ms (cache hit)
1142 http cache hasown@https://registry.npmjs.org/hasown/-/hasown-2.0.4.tgz 0ms (cache hit)
1143 http cache is-core-module@https://registry.npmjs.org/is-core-module/-/is-core-module-2.16.2.tgz 0ms (cache hit)
1144 http cache function-bind@https://registry.npmjs.org/function-bind/-/function-bind-1.1.2.tgz 0ms (cache hit)
1145 http cache supports-preserve-symlinks-flag@https://registry.npmjs.org/supports-preserve-symlinks-flag/-/supports-preserve-symlinks-flag-1.0.0.tgz 0ms (cache hit)
1146 http cache lines-and-columns@https://registry.npmjs.org/lines-and-columns/-/lines-and-columns-1.2.4.tgz 0ms (cache hit)
1147 http cache util-deprecate@https://registry.npmjs.org/util-deprecate/-/util-deprecate-1.0.2.tgz 0ms (cache hit)
1148 http cache path-parse@https://registry.npmjs.org/path-parse/-/path-parse-1.0.7.tgz 0ms (cache hit)
1149 http cache es-errors@https://registry.npmjs.org/es-errors/-/es-errors-1.3.0.tgz 0ms (cache hit)
1150 http cache read-cache@https://registry.npmjs.org/read-cache/-/read-cache-1.0.2.tgz 0ms (cache hit)
1151 http cache to-regex-range@https://registry.npmjs.org/to-regex-range/-/to-regex-range-5.0.1.tgz 0ms (cache hit)
1152 http cache binary-extensions@https://registry.npmjs.org/binary-extensions/-/binary-extensions-2.3.0.tgz 0ms (cache hit)
1153 http cache is-extglob@https://registry.npmjs.org/is-extglob/-/is-extglob-2.1.1.tgz 0ms (cache hit)
1154 http cache camelcase-css@https://registry.npmjs.org/camelcase-css/-/camelcase-css-2.0.1.tgz 0ms (cache hit)
1155 http cache merge2@https://registry.npmjs.org/merge2/-/merge2-1.4.1.tgz 0ms (cache hit)
1156 http cache run-parallel@https://registry.npmjs.org/run-parallel/-/run-parallel-1.2.0.tgz 0ms (cache hit)
1157 http cache reusify@https://registry.npmjs.org/reusify/-/reusify-1.1.0.tgz 0ms (cache hit)
1158 http cache fastq@https://registry.npmjs.org/fastq/-/fastq-1.20.3.tgz 0ms (cache hit)
1159 http cache fill-range@https://registry.npmjs.org/fill-range/-/fill-range-7.1.1.tgz 0ms (cache hit)
1160 http cache @nodelib/fs.walk@https://registry.npmjs.org/@nodelib/fs.walk/-/fs.walk-1.2.8.tgz 0ms (cache hit)
1161 http cache @nodelib/fs.stat@https://registry.npmjs.org/@nodelib/fs.stat/-/fs.stat-2.0.5.tgz 0ms (cache hit)
1162 http cache @nodelib/fs.scandir@https://registry.npmjs.org/@nodelib/fs.scandir/-/fs.scandir-2.1.5.tgz 0ms (cache hit)
1163 http cache picomatch@https://registry.npmjs.org/picomatch/-/picomatch-2.3.2.tgz 0ms (cache hit)
1164 http cache readdirp@https://registry.npmjs.org/readdirp/-/readdirp-3.6.0.tgz 0ms (cache hit)
1165 http cache is-binary-path@https://registry.npmjs.org/is-binary-path/-/is-binary-path-2.1.0.tgz 0ms (cache hit)
1166 http cache cssesc@https://registry.npmjs.org/cssesc/-/cssesc-3.0.0.tgz 0ms (cache hit)
1167 http cache sucrase@https://registry.npmjs.org/sucrase/-/sucrase-3.35.1.tgz 0ms (cache hit)
1168 http cache anymatch@https://registry.npmjs.org/anymatch/-/anymatch-3.1.3.tgz 0ms (cache hit)
1169 http cache braces@https://registry.npmjs.org/braces/-/braces-3.0.3.tgz 0ms (cache hit)
1170 http cache resolve@https://registry.npmjs.org/resolve/-/resolve-1.22.12.tgz 0ms (cache hit)
1171 http cache postcss-selector-parser@https://registry.npmjs.org/postcss-selector-parser/-/postcss-selector-parser-6.1.4.tgz 0ms (cache hit)
1172 http cache postcss-load-config@https://registry.npmjs.org/postcss-load-config/-/postcss-load-config-6.0.1.tgz 0ms (cache hit)
1173 http cache micromatch@https://registry.npmjs.org/micromatch/-/micromatch-4.0.8.tgz 0ms (cache hit)
1174 http cache object-hash@https://registry.npmjs.org/object-hash/-/object-hash-3.0.0.tgz 0ms (cache hit)
1175 http cache glob-parent@https://registry.npmjs.org/glob-parent/-/glob-parent-6.0.2.tgz 0ms (cache hit)
1176 http cache lilconfig@https://registry.npmjs.org/lilconfig/-/lilconfig-3.1.3.tgz 0ms (cache hit)
1177 http cache fast-glob@https://registry.npmjs.org/fast-glob/-/fast-glob-3.3.3.tgz 0ms (cache hit)
1178 http cache normalize-path@https://registry.npmjs.org/normalize-path/-/normalize-path-3.0.0.tgz 0ms (cache hit)
1179 http cache jiti@https://registry.npmjs.org/jiti/-/jiti-1.21.7.tgz 0ms (cache hit)
1180 http cache is-glob@https://registry.npmjs.org/is-glob/-/is-glob-4.0.3.tgz 0ms (cache hit)
1181 http cache dlv@https://registry.npmjs.org/dlv/-/dlv-1.1.3.tgz 0ms (cache hit)
1182 http cache didyoumean@https://registry.npmjs.org/didyoumean/-/didyoumean-1.2.2.tgz 0ms (cache hit)
1183 http cache arg@https://registry.npmjs.org/arg/-/arg-5.0.2.tgz 0ms (cache hit)
1184 http cache @alloc/quick-lru@https://registry.npmjs.org/@alloc/quick-lru/-/quick-lru-5.3.0.tgz 0ms (cache hit)
1185 http cache react-router@https://registry.npmjs.org/react-router/-/react-router-6.30.6.tgz 0ms (cache hit)
1186 http cache chokidar@https://registry.npmjs.org/chokidar/-/chokidar-3.6.0.tgz 0ms (cache hit)
1187 http cache source-map-js@https://registry.npmjs.org/source-map-js/-/source-map-js-1.2.1.tgz 0ms (cache hit)
1188 http cache @remix-run/router@https://registry.npmjs.org/@remix-run/router/-/router-1.23.4.tgz 0ms (cache hit)
1189 http cache scheduler@https://registry.npmjs.org/scheduler/-/scheduler-0.23.2.tgz 0ms (cache hit)
1190 http cache loose-envify@https://registry.npmjs.org/loose-envify/-/loose-envify-1.4.0.tgz 0ms (cache hit)
1191 http cache nanoid@https://registry.npmjs.org/nanoid/-/nanoid-3.3.18.tgz 0ms (cache hit)
1192 http cache yallist@https://registry.npmjs.org/yallist/-/yallist-3.1.1.tgz 0ms (cache hit)
1193 http cache ms@https://registry.npmjs.org/ms/-/ms-2.1.3.tgz 0ms (cache hit)
1194 http cache update-browserslist-db@https://registry.npmjs.org/update-browserslist-db/-/update-browserslist-db-1.3.2.tgz 0ms (cache hit)
1195 http cache postcss-nested@https://registry.npmjs.org/postcss-nested/-/postcss-nested-6.2.0.tgz 0ms (cache hit)
1196 http cache node-releases@https://registry.npmjs.org/node-releases/-/node-releases-2.0.54.tgz 0ms (cache hit)
1197 http cache postcss-js@https://registry.npmjs.org/postcss-js/-/postcss-js-4.1.0.tgz 0ms (cache hit)
1198 http cache electron-to-chromium@https://registry.npmjs.org/electron-to-chromium/-/electron-to-chromium-1.5.418.tgz 0ms (cache hit)
1199 http cache postcss-value-parser@https://registry.npmjs.org/postcss-value-parser/-/postcss-value-parser-4.2.0.tgz 0ms (cache hit)
1200 http cache baseline-browser-mapping@https://registry.npmjs.org/baseline-browser-mapping/-/baseline-browser-mapping-2.11.20.tgz 0ms (cache hit)
1201 http cache @types/babel__template@https://registry.npmjs.org/@types/babel__template/-/babel__template-7.4.4.tgz 0ms (cache hit)
1202 http cache postcss-import@https://registry.npmjs.org/postcss-import/-/postcss-import-15.1.0.tgz 1ms (cache hit)
1203 http cache @types/babel__traverse@https://registry.npmjs.org/@types/babel__traverse/-/babel__traverse-7.28.0.tgz 0ms (cache hit)
1204 http cache caniuse-lite@https://registry.npmjs.org/caniuse-lite/-/caniuse-lite-1.0.30001810.tgz 0ms (cache hit)
1205 http cache @jridgewell/sourcemap-codec@https://registry.npmjs.org/@jridgewell/sourcemap-codec/-/sourcemap-codec-1.6.0.tgz 0ms (cache hit)
1206 http cache fraction.js@https://registry.npmjs.org/fraction.js/-/fraction.js-5.3.4.tgz 0ms (cache hit)
1207 http cache @jridgewell/resolve-uri@https://registry.npmjs.org/@jridgewell/resolve-uri/-/resolve-uri-3.1.2.tgz 0ms (cache hit)
1208 http cache @types/babel__generator@https://registry.npmjs.org/@types/babel__generator/-/babel__generator-7.27.0.tgz 0ms (cache hit)
1209 http cache @babel/helper-string-parser@https://registry.npmjs.org/@babel/helper-string-parser/-/helper-string-parser-7.29.7.tgz 0ms (cache hit)
1210 http cache @babel/helper-globals@https://registry.npmjs.org/@babel/helper-globals/-/helper-globals-7.29.7.tgz 0ms (cache hit)
1211 http cache browserslist@https://registry.npmjs.org/browserslist/-/browserslist-4.28.8.tgz 0ms (cache hit)
1212 http cache @babel/helper-plugin-utils@https://registry.npmjs.org/@babel/helper-plugin-utils/-/helper-plugin-utils-7.29.7.tgz 0ms (cache hit)
1213 http cache lru-cache@https://registry.npmjs.org/lru-cache/-/lru-cache-5.1.1.tgz 0ms (cache hit)
1214 http cache @babel/helper-validator-option@https://registry.npmjs.org/@babel/helper-validator-option/-/helper-validator-option-7.29.7.tgz 0ms (cache hit)
1215 http cache @babel/helper-module-imports@https://registry.npmjs.org/@babel/helper-module-imports/-/helper-module-imports-7.29.7.tgz 0ms (cache hit)
1216 http cache @babel/compat-data@https://registry.npmjs.org/@babel/compat-data/-/compat-data-7.29.7.tgz 0ms (cache hit)
1217 http cache jsesc@https://registry.npmjs.org/jsesc/-/jsesc-3.1.0.tgz 0ms (cache hit)
1218 http cache @jridgewell/gen-mapping@https://registry.npmjs.org/@jridgewell/gen-mapping/-/gen-mapping-0.3.13.tgz 0ms (cache hit)
1219 http cache @jridgewell/trace-mapping@https://registry.npmjs.org/@jridgewell/trace-mapping/-/trace-mapping-0.3.31.tgz 0ms (cache hit)
1220 http cache picocolors@https://registry.npmjs.org/picocolors/-/picocolors-1.1.1.tgz 0ms (cache hit)
1221 http cache js-tokens@https://registry.npmjs.org/js-tokens/-/js-tokens-4.0.0.tgz 0ms (cache hit)
1222 http cache semver@https://registry.npmjs.org/semver/-/semver-6.3.1.tgz 0ms (cache hit)
1223 http cache @babel/helper-validator-identifier@https://registry.npmjs.org/@babel/helper-validator-identifier/-/helper-validator-identifier-7.29.7.tgz 0ms (cache hit)
1224 http cache json5@https://registry.npmjs.org/json5/-/json5-2.2.3.tgz 0ms (cache hit)
1225 http cache gensync@https://registry.npmjs.org/gensync/-/gensync-1.0.0-beta.2.tgz 0ms (cache hit)
1226 http cache debug@https://registry.npmjs.org/debug/-/debug-4.4.3.tgz 0ms (cache hit)
1227 http cache convert-source-map@https://registry.npmjs.org/convert-source-map/-/convert-source-map-2.0.0.tgz 0ms (cache hit)
1228 http cache @jridgewell/remapping@https://registry.npmjs.org/@jridgewell/remapping/-/remapping-2.3.5.tgz 0ms (cache hit)
1229 http cache @babel/types@https://registry.npmjs.org/@babel/types/-/types-7.29.8.tgz 0ms (cache hit)
1230 http cache @babel/traverse@https://registry.npmjs.org/@babel/traverse/-/traverse-7.29.8.tgz 0ms (cache hit)
1231 http cache @babel/helper-module-transforms@https://registry.npmjs.org/@babel/helper-module-transforms/-/helper-module-transforms-7.29.7.tgz 0ms (cache hit)
1232 http cache @babel/parser@https://registry.npmjs.org/@babel/parser/-/parser-7.29.8.tgz 0ms (cache hit)
1233 http cache @babel/helpers@https://registry.npmjs.org/@babel/helpers/-/helpers-7.29.7.tgz 0ms (cache hit)
1234 http cache @babel/template@https://registry.npmjs.org/@babel/template/-/template-7.29.7.tgz 0ms (cache hit)
1235 http cache @babel/generator@https://registry.npmjs.org/@babel/generator/-/generator-7.29.8.tgz 0ms (cache hit)
1236 http cache @babel/code-frame@https://registry.npmjs.org/@babel/code-frame/-/code-frame-7.29.7.tgz 0ms (cache hit)
1237 http cache @babel/helper-compilation-targets@https://registry.npmjs.org/@babel/helper-compilation-targets/-/helper-compilation-targets-7.29.7.tgz 0ms (cache hit)
1238 http cache react-refresh@https://registry.npmjs.org/react-refresh/-/react-refresh-0.17.0.tgz 0ms (cache hit)
1239 http cache @types/babel__core@https://registry.npmjs.org/@types/babel__core/-/babel__core-7.20.5.tgz 1ms (cache hit)
1240 http cache @babel/plugin-transform-react-jsx-source@https://registry.npmjs.org/@babel/plugin-transform-react-jsx-source/-/plugin-transform-react-jsx-source-7.29.7.tgz 0ms (cache hit)
1241 http cache @rolldown/pluginutils@https://registry.npmjs.org/@rolldown/pluginutils/-/pluginutils-1.0.0-beta.27.tgz 0ms (cache hit)
1242 http cache @babel/plugin-transform-react-jsx-self@https://registry.npmjs.org/@babel/plugin-transform-react-jsx-self/-/plugin-transform-react-jsx-self-7.29.7.tgz 0ms (cache hit)
1243 http cache @babel/core@https://registry.npmjs.org/@babel/core/-/core-7.29.7.tgz 0ms (cache hit)
1244 http cache tailwindcss@https://registry.npmjs.org/tailwindcss/-/tailwindcss-3.4.19.tgz 0ms (cache hit)
1245 http cache react-router-dom@https://registry.npmjs.org/react-router-dom/-/react-router-dom-6.30.6.tgz 0ms (cache hit)
1246 http cache react-dom@https://registry.npmjs.org/react-dom/-/react-dom-18.3.1.tgz 0ms (cache hit)
1247 http cache react@https://registry.npmjs.org/react/-/react-18.3.1.tgz 0ms (cache hit)
1248 http cache postcss@https://registry.npmjs.org/postcss/-/postcss-8.5.26.tgz 0ms (cache hit)
1249 http cache autoprefixer@https://registry.npmjs.org/autoprefixer/-/autoprefixer-10.5.4.tgz 0ms (cache hit)
1250 http cache vite@https://registry.npmjs.org/vite/-/vite-5.4.21.tgz 0ms (cache hit)
1251 http cache @vitejs/plugin-react@https://registry.npmjs.org/@vitejs/plugin-react/-/plugin-react-4.7.0.tgz 0ms (cache hit)
1252 http cache fdir@https://registry.npmjs.org/fdir/-/fdir-6.5.0.tgz 0ms (cache hit)
1253 http cache picomatch@https://registry.npmjs.org/picomatch/-/picomatch-4.0.7.tgz 0ms (cache hit)
1254 http cache glob-parent@https://registry.npmjs.org/glob-parent/-/glob-parent-5.1.2.tgz 0ms (cache hit)
1255 silly tarball no local data for @types/estree@https://registry.npmjs.org/@types/estree/-/estree-1.0.9.tgz. Extracting by manifest.
1256 silly tarball no local data for @napi-rs/lzma-linux-x64-gnu@https://registry.npmjs.org/@napi-rs/lzma-linux-x64-gnu/-/lzma-linux-x64-gnu-1.5.1.tgz. Extracting by manifest.
1257 silly tarball no local data for @rollup/rollup-linux-x64-gnu@https://registry.npmjs.org/@rollup/rollup-linux-x64-gnu/-/rollup-linux-x64-gnu-4.63.1.tgz. Extracting by manifest.
1258 http cache glob-parent@https://registry.npmjs.org/glob-parent/-/glob-parent-5.1.2.tgz 0ms (cache hit)
1259 silly tarball no local data for thenify-all@https://registry.npmjs.org/thenify-all/-/thenify-all-1.6.0.tgz. Extracting by manifest.
1260 silly tarball no local data for rollup@https://registry.npmjs.org/rollup/-/rollup-4.63.1.tgz. Extracting by manifest.
1261 silly tarball no local data for @esbuild/linux-x64@https://registry.npmjs.org/@esbuild/linux-x64/-/linux-x64-0.21.5.tgz. Extracting by manifest.
1262 silly tarball no local data for esbuild@https://registry.npmjs.org/esbuild/-/esbuild-0.21.5.tgz. Extracting by manifest.
1263 silly tarball no local data for thenify@https://registry.npmjs.org/thenify/-/thenify-3.3.1.tgz. Extracting by manifest.
1264 silly tarball no local data for object-assign@https://registry.npmjs.org/object-assign/-/object-assign-4.1.1.tgz. Extracting by manifest.
1265 silly tarball no local data for escalade@https://registry.npmjs.org/escalade/-/escalade-3.2.0.tgz. Extracting by manifest.
1266 silly tarball no local data for any-promise@https://registry.npmjs.org/any-promise/-/any-promise-1.3.0.tgz. Extracting by manifest.
1267 silly tarball no local data for ts-interface-checker@https://registry.npmjs.org/ts-interface-checker/-/ts-interface-checker-0.1.13.tgz. Extracting by manifest.
1268 silly tarball no local data for mz@https://registry.npmjs.org/mz/-/mz-2.7.0.tgz. Extracting by manifest.
1269 silly tarball no local data for is-number@https://registry.npmjs.org/is-number/-/is-number-7.0.0.tgz. Extracting by manifest.
1270 silly tarball no local data for tinyglobby@https://registry.npmjs.org/tinyglobby/-/tinyglobby-0.2.17.tgz. Extracting by manifest.
1271 silly tarball no local data for hasown@https://registry.npmjs.org/hasown/-/hasown-2.0.4.tgz. Extracting by manifest.
1272 silly tarball no local data for queue-microtask@https://registry.npmjs.org/queue-microtask/-/queue-microtask-1.2.3.tgz. Extracting by manifest.
1273 silly tarball no local data for commander@https://registry.npmjs.org/commander/-/commander-4.1.1.tgz. Extracting by manifest.
1274 silly tarball no local data for is-core-module@https://registry.npmjs.org/is-core-module/-/is-core-module-2.16.2.tgz. Extracting by manifest.
1275 silly tarball no local data for function-bind@https://registry.npmjs.org/function-bind/-/function-bind-1.1.2.tgz. Extracting by manifest.
1276 silly tarball no local data for lines-and-columns@https://registry.npmjs.org/lines-and-columns/-/lines-and-columns-1.2.4.tgz. Extracting by manifest.
1277 silly tarball no local data for supports-preserve-symlinks-flag@https://registry.npmjs.org/supports-preserve-symlinks-flag/-/supports-preserve-symlinks-flag-1.0.0.tgz. Extracting by manifest.
1278 silly tarball no local data for util-deprecate@https://registry.npmjs.org/util-deprecate/-/util-deprecate-1.0.2.tgz. Extracting by manifest.
1279 silly tarball no local data for path-parse@https://registry.npmjs.org/path-parse/-/path-parse-1.0.7.tgz. Extracting by manifest.
1280 silly tarball no local data for pirates@https://registry.npmjs.org/pirates/-/pirates-4.0.7.tgz. Extracting by manifest.
1281 silly tarball no local data for read-cache@https://registry.npmjs.org/read-cache/-/read-cache-1.0.2.tgz. Extracting by manifest.
1282 silly tarball no local data for es-errors@https://registry.npmjs.org/es-errors/-/es-errors-1.3.0.tgz. Extracting by manifest.
1283 silly tarball no local data for to-regex-range@https://registry.npmjs.org/to-regex-range/-/to-regex-range-5.0.1.tgz. Extracting by manifest.
1284 silly tarball no local data for binary-extensions@https://registry.npmjs.org/binary-extensions/-/binary-extensions-2.3.0.tgz. Extracting by manifest.
1285 silly tarball no local data for is-extglob@https://registry.npmjs.org/is-extglob/-/is-extglob-2.1.1.tgz. Extracting by manifest.
1286 silly tarball no local data for camelcase-css@https://registry.npmjs.org/camelcase-css/-/camelcase-css-2.0.1.tgz. Extracting by manifest.
1287 silly tarball no local data for merge2@https://registry.npmjs.org/merge2/-/merge2-1.4.1.tgz. Extracting by manifest.
1288 silly tarball no local data for run-parallel@https://registry.npmjs.org/run-parallel/-/run-parallel-1.2.0.tgz. Extracting by manifest.
1289 silly tarball no local data for reusify@https://registry.npmjs.org/reusify/-/reusify-1.1.0.tgz. Extracting by manifest.
1290 silly tarball no local data for fastq@https://registry.npmjs.org/fastq/-/fastq-1.20.3.tgz. Extracting by manifest.
1291 silly tarball no local data for fill-range@https://registry.npmjs.org/fill-range/-/fill-range-7.1.1.tgz. Extracting by manifest.
1292 silly tarball no local data for @nodelib/fs.walk@https://registry.npmjs.org/@nodelib/fs.walk/-/fs.walk-1.2.8.tgz. Extracting by manifest.
1293 silly tarball no local data for @nodelib/fs.stat@https://registry.npmjs.org/@nodelib/fs.stat/-/fs.stat-2.0.5.tgz. Extracting by manifest.
1294 silly tarball no local data for @nodelib/fs.scandir@https://registry.npmjs.org/@nodelib/fs.scandir/-/fs.scandir-2.1.5.tgz. Extracting by manifest.
1295 silly tarball no local data for picomatch@https://registry.npmjs.org/picomatch/-/picomatch-2.3.2.tgz. Extracting by manifest.
1296 silly tarball no local data for readdirp@https://registry.npmjs.org/readdirp/-/readdirp-3.6.0.tgz. Extracting by manifest.
1297 silly tarball no local data for is-binary-path@https://registry.npmjs.org/is-binary-path/-/is-binary-path-2.1.0.tgz. Extracting by manifest.
1298 silly tarball no local data for cssesc@https://registry.npmjs.org/cssesc/-/cssesc-3.0.0.tgz. Extracting by manifest.
1299 silly tarball no local data for sucrase@https://registry.npmjs.org/sucrase/-/sucrase-3.35.1.tgz. Extracting by manifest.
1300 silly tarball no local data for anymatch@https://registry.npmjs.org/anymatch/-/anymatch-3.1.3.tgz. Extracting by manifest.
1301 silly tarball no local data for braces@https://registry.npmjs.org/braces/-/braces-3.0.3.tgz. Extracting by manifest.
1302 silly tarball no local data for resolve@https://registry.npmjs.org/resolve/-/resolve-1.22.12.tgz. Extracting by manifest.
1303 silly tarball no local data for postcss-selector-parser@https://registry.npmjs.org/postcss-selector-parser/-/postcss-selector-parser-6.1.4.tgz. Extracting by manifest.
1304 silly tarball no local data for postcss-load-config@https://registry.npmjs.org/postcss-load-config/-/postcss-load-config-6.0.1.tgz. Extracting by manifest.
1305 silly tarball no local data for micromatch@https://registry.npmjs.org/micromatch/-/micromatch-4.0.8.tgz. Extracting by manifest.
1306 silly tarball no local data for object-hash@https://registry.npmjs.org/object-hash/-/object-hash-3.0.0.tgz. Extracting by manifest.
1307 silly tarball no local data for glob-parent@https://registry.npmjs.org/glob-parent/-/glob-parent-6.0.2.tgz. Extracting by manifest.
1308 silly tarball no local data for lilconfig@https://registry.npmjs.org/lilconfig/-/lilconfig-3.1.3.tgz. Extracting by manifest.
1309 silly tarball no local data for fast-glob@https://registry.npmjs.org/fast-glob/-/fast-glob-3.3.3.tgz. Extracting by manifest.
1310 silly tarball no local data for normalize-path@https://registry.npmjs.org/normalize-path/-/normalize-path-3.0.0.tgz. Extracting by manifest.
1311 silly tarball no local data for jiti@https://registry.npmjs.org/jiti/-/jiti-1.21.7.tgz. Extracting by manifest.
1312 silly tarball no local data for is-glob@https://registry.npmjs.org/is-glob/-/is-glob-4.0.3.tgz. Extracting by manifest.
1313 silly tarball no local data for dlv@https://registry.npmjs.org/dlv/-/dlv-1.1.3.tgz. Extracting by manifest.
1314 silly tarball no local data for didyoumean@https://registry.npmjs.org/didyoumean/-/didyoumean-1.2.2.tgz. Extracting by manifest.
1315 silly tarball no local data for arg@https://registry.npmjs.org/arg/-/arg-5.0.2.tgz. Extracting by manifest.
1316 silly tarball no local data for @alloc/quick-lru@https://registry.npmjs.org/@alloc/quick-lru/-/quick-lru-5.3.0.tgz. Extracting by manifest.
1317 silly tarball no local data for react-router@https://registry.npmjs.org/react-router/-/react-router-6.30.6.tgz. Extracting by manifest.
1318 silly tarball no local data for chokidar@https://registry.npmjs.org/chokidar/-/chokidar-3.6.0.tgz. Extracting by manifest.
1319 silly tarball no local data for source-map-js@https://registry.npmjs.org/source-map-js/-/source-map-js-1.2.1.tgz. Extracting by manifest.
1320 silly tarball no local data for @remix-run/router@https://registry.npmjs.org/@remix-run/router/-/router-1.23.4.tgz. Extracting by manifest.
1321 silly tarball no local data for scheduler@https://registry.npmjs.org/scheduler/-/scheduler-0.23.2.tgz. Extracting by manifest.
1322 silly tarball no local data for loose-envify@https://registry.npmjs.org/loose-envify/-/loose-envify-1.4.0.tgz. Extracting by manifest.
1323 silly tarball no local data for nanoid@https://registry.npmjs.org/nanoid/-/nanoid-3.3.18.tgz. Extracting by manifest.
1324 silly tarball no local data for yallist@https://registry.npmjs.org/yallist/-/yallist-3.1.1.tgz. Extracting by manifest.
1325 silly tarball no local data for ms@https://registry.npmjs.org/ms/-/ms-2.1.3.tgz. Extracting by manifest.
1326 silly tarball no local data for update-browserslist-db@https://registry.npmjs.org/update-browserslist-db/-/update-browserslist-db-1.3.2.tgz. Extracting by manifest.
1327 silly tarball no local data for postcss-nested@https://registry.npmjs.org/postcss-nested/-/postcss-nested-6.2.0.tgz. Extracting by manifest.
1328 silly tarball no local data for node-releases@https://registry.npmjs.org/node-releases/-/node-releases-2.0.54.tgz. Extracting by manifest.
1329 silly tarball no local data for postcss-js@https://registry.npmjs.org/postcss-js/-/postcss-js-4.1.0.tgz. Extracting by manifest.
1330 silly tarball no local data for electron-to-chromium@https://registry.npmjs.org/electron-to-chromium/-/electron-to-chromium-1.5.418.tgz. Extracting by manifest.
1331 silly tarball no local data for postcss-value-parser@https://registry.npmjs.org/postcss-value-parser/-/postcss-value-parser-4.2.0.tgz. Extracting by manifest.
1332 silly tarball no local data for baseline-browser-mapping@https://registry.npmjs.org/baseline-browser-mapping/-/baseline-browser-mapping-2.11.20.tgz. Extracting by manifest.
1333 silly tarball no local data for @types/babel__template@https://registry.npmjs.org/@types/babel__template/-/babel__template-7.4.4.tgz. Extracting by manifest.
1334 silly tarball no local data for postcss-import@https://registry.npmjs.org/postcss-import/-/postcss-import-15.1.0.tgz. Extracting by manifest.
1335 silly tarball no local data for @types/babel__traverse@https://registry.npmjs.org/@types/babel__traverse/-/babel__traverse-7.28.0.tgz. Extracting by manifest.
1336 silly tarball no local data for caniuse-lite@https://registry.npmjs.org/caniuse-lite/-/caniuse-lite-1.0.30001810.tgz. Extracting by manifest.
1337 silly tarball no local data for @jridgewell/sourcemap-codec@https://registry.npmjs.org/@jridgewell/sourcemap-codec/-/sourcemap-codec-1.6.0.tgz. Extracting by manifest.
1338 silly tarball no local data for fraction.js@https://registry.npmjs.org/fraction.js/-/fraction.js-5.3.4.tgz. Extracting by manifest.
1339 silly tarball no local data for @jridgewell/resolve-uri@https://registry.npmjs.org/@jridgewell/resolve-uri/-/resolve-uri-3.1.2.tgz. Extracting by manifest.
1340 silly tarball no local data for @types/babel__generator@https://registry.npmjs.org/@types/babel__generator/-/babel__generator-7.27.0.tgz. Extracting by manifest.
1341 silly tarball no local data for @babel/helper-string-parser@https://registry.npmjs.org/@babel/helper-string-parser/-/helper-string-parser-7.29.7.tgz. Extracting by manifest.
1342 silly tarball no local data for @babel/helper-globals@https://registry.npmjs.org/@babel/helper-globals/-/helper-globals-7.29.7.tgz. Extracting by manifest.
1343 silly tarball no local data for browserslist@https://registry.npmjs.org/browserslist/-/browserslist-4.28.8.tgz. Extracting by manifest.
1344 silly tarball no local data for @babel/helper-plugin-utils@https://registry.npmjs.org/@babel/helper-plugin-utils/-/helper-plugin-utils-7.29.7.tgz. Extracting by manifest.
1345 silly tarball no local data for lru-cache@https://registry.npmjs.org/lru-cache/-/lru-cache-5.1.1.tgz. Extracting by manifest.
1346 silly tarball no local data for @babel/helper-validator-option@https://registry.npmjs.org/@babel/helper-validator-option/-/helper-validator-option-7.29.7.tgz. Extracting by manifest.
1347 silly tarball no local data for @babel/helper-module-imports@https://registry.npmjs.org/@babel/helper-module-imports/-/helper-module-imports-7.29.7.tgz. Extracting by manifest.
1348 silly tarball no local data for @babel/compat-data@https://registry.npmjs.org/@babel/compat-data/-/compat-data-7.29.7.tgz. Extracting by manifest.
1349 silly tarball no local data for jsesc@https://registry.npmjs.org/jsesc/-/jsesc-3.1.0.tgz. Extracting by manifest.
1350 silly tarball no local data for @jridgewell/gen-mapping@https://registry.npmjs.org/@jridgewell/gen-mapping/-/gen-mapping-0.3.13.tgz. Extracting by manifest.
1351 silly tarball no local data for @jridgewell/trace-mapping@https://registry.npmjs.org/@jridgewell/trace-mapping/-/trace-mapping-0.3.31.tgz. Extracting by manifest.
1352 silly tarball no local data for picocolors@https://registry.npmjs.org/picocolors/-/picocolors-1.1.1.tgz. Extracting by manifest.
1353 silly tarball no local data for js-tokens@https://registry.npmjs.org/js-tokens/-/js-tokens-4.0.0.tgz. Extracting by manifest.
1354 silly tarball no local data for @babel/helper-validator-identifier@https://registry.npmjs.org/@babel/helper-validator-identifier/-/helper-validator-identifier-7.29.7.tgz. Extracting by manifest.
1355 silly tarball no local data for semver@https://registry.npmjs.org/semver/-/semver-6.3.1.tgz. Extracting by manifest.
1356 silly tarball no local data for json5@https://registry.npmjs.org/json5/-/json5-2.2.3.tgz. Extracting by manifest.
1357 silly tarball no local data for gensync@https://registry.npmjs.org/gensync/-/gensync-1.0.0-beta.2.tgz. Extracting by manifest.
1358 silly tarball no local data for debug@https://registry.npmjs.org/debug/-/debug-4.4.3.tgz. Extracting by manifest.
1359 silly tarball no local data for convert-source-map@https://registry.npmjs.org/convert-source-map/-/convert-source-map-2.0.0.tgz. Extracting by manifest.
1360 silly tarball no local data for @jridgewell/remapping@https://registry.npmjs.org/@jridgewell/remapping/-/remapping-2.3.5.tgz. Extracting by manifest.
1361 silly tarball no local data for @babel/types@https://registry.npmjs.org/@babel/types/-/types-7.29.8.tgz. Extracting by manifest.
1362 silly tarball no local data for @babel/traverse@https://registry.npmjs.org/@babel/traverse/-/traverse-7.29.8.tgz. Extracting by manifest.
1363 silly tarball no local data for @babel/helper-module-transforms@https://registry.npmjs.org/@babel/helper-module-transforms/-/helper-module-transforms-7.29.7.tgz. Extracting by manifest.
1364 silly tarball no local data for @babel/parser@https://registry.npmjs.org/@babel/parser/-/parser-7.29.8.tgz. Extracting by manifest.
1365 silly tarball no local data for @babel/helpers@https://registry.npmjs.org/@babel/helpers/-/helpers-7.29.7.tgz. Extracting by manifest.
1366 silly tarball no local data for @babel/template@https://registry.npmjs.org/@babel/template/-/template-7.29.7.tgz. Extracting by manifest.
1367 silly tarball no local data for @babel/generator@https://registry.npmjs.org/@babel/generator/-/generator-7.29.8.tgz. Extracting by manifest.
1368 silly tarball no local data for @babel/code-frame@https://registry.npmjs.org/@babel/code-frame/-/code-frame-7.29.7.tgz. Extracting by manifest.
1369 silly tarball no local data for @babel/helper-compilation-targets@https://registry.npmjs.org/@babel/helper-compilation-targets/-/helper-compilation-targets-7.29.7.tgz. Extracting by manifest.
1370 silly tarball no local data for react-refresh@https://registry.npmjs.org/react-refresh/-/react-refresh-0.17.0.tgz. Extracting by manifest.
1371 silly tarball no local data for @types/babel__core@https://registry.npmjs.org/@types/babel__core/-/babel__core-7.20.5.tgz. Extracting by manifest.
1372 silly tarball no local data for @babel/plugin-transform-react-jsx-source@https://registry.npmjs.org/@babel/plugin-transform-react-jsx-source/-/plugin-transform-react-jsx-source-7.29.7.tgz. Extracting by manifest.
1373 silly tarball no local data for @rolldown/pluginutils@https://registry.npmjs.org/@rolldown/pluginutils/-/pluginutils-1.0.0-beta.27.tgz. Extracting by manifest.
1374 silly tarball no local data for @babel/plugin-transform-react-jsx-self@https://registry.npmjs.org/@babel/plugin-transform-react-jsx-self/-/plugin-transform-react-jsx-self-7.29.7.tgz. Extracting by manifest.
1375 silly tarball no local data for @babel/core@https://registry.npmjs.org/@babel/core/-/core-7.29.7.tgz. Extracting by manifest.
1376 silly tarball no local data for tailwindcss@https://registry.npmjs.org/tailwindcss/-/tailwindcss-3.4.19.tgz. Extracting by manifest.
1377 silly tarball no local data for react-router-dom@https://registry.npmjs.org/react-router-dom/-/react-router-dom-6.30.6.tgz. Extracting by manifest.
1378 silly tarball no local data for react-dom@https://registry.npmjs.org/react-dom/-/react-dom-18.3.1.tgz. Extracting by manifest.
1379 silly tarball no local data for react@https://registry.npmjs.org/react/-/react-18.3.1.tgz. Extracting by manifest.
1380 silly tarball no local data for postcss@https://registry.npmjs.org/postcss/-/postcss-8.5.26.tgz. Extracting by manifest.
1381 silly tarball no local data for autoprefixer@https://registry.npmjs.org/autoprefixer/-/autoprefixer-10.5.4.tgz. Extracting by manifest.
1382 silly tarball no local data for vite@https://registry.npmjs.org/vite/-/vite-5.4.21.tgz. Extracting by manifest.
1383 silly tarball no local data for @vitejs/plugin-react@https://registry.npmjs.org/@vitejs/plugin-react/-/plugin-react-4.7.0.tgz. Extracting by manifest.
1384 silly tarball no local data for fdir@https://registry.npmjs.org/fdir/-/fdir-6.5.0.tgz. Extracting by manifest.
1385 silly tarball no local data for picomatch@https://registry.npmjs.org/picomatch/-/picomatch-4.0.7.tgz. Extracting by manifest.
1386 silly tarball no local data for glob-parent@https://registry.npmjs.org/glob-parent/-/glob-parent-5.1.2.tgz. Extracting by manifest.
1387 silly tarball no local data for glob-parent@https://registry.npmjs.org/glob-parent/-/glob-parent-5.1.2.tgz. Extracting by manifest.
1388 http fetch POST 200 https://registry.npmjs.org/-/npm/v1/security/advisories/bulk 183ms
1389 silly audit report {
1389 silly audit report   vite: [
1389 silly audit report     {
1389 silly audit report       id: 1120784,
1389 silly audit report       url: 'https://github.com/advisories/GHSA-v6wh-96g9-6wx3',
1389 silly audit report       title: 'launch-editor: NTLMv2 hash disclosure via UNC path handling on Windows',
1389 silly audit report       severity: 'moderate',
1389 silly audit report       vulnerable_versions: '<=6.4.2',
1389 silly audit report       cwe: [Array],
1389 silly audit report       cvss: [Object]
1389 silly audit report     },
1389 silly audit report     {
1389 silly audit report       id: 1116229,
1389 silly audit report       url: 'https://github.com/advisories/GHSA-4w7w-66w2-5vf9',
1389 silly audit report       title: 'Vite Vulnerable to Path Traversal in Optimized Deps `.map` Handling',
1389 silly audit report       severity: 'moderate',
1389 silly audit report       vulnerable_versions: '<=6.4.1',
1389 silly audit report       cwe: [Array],
1389 silly audit report       cvss: [Object]
1389 silly audit report     },
1389 silly audit report     {
1389 silly audit report       id: 1123525,
1389 silly audit report       url: 'https://github.com/advisories/GHSA-fx2h-pf6j-xcff',
1389 silly audit report       title: 'vite: `server.fs.deny` bypass on Windows alternate paths',
1389 silly audit report       severity: 'high',
1389 silly audit report       vulnerable_versions: '<=6.4.2',
1389 silly audit report       cwe: [Array],
1389 silly audit report       cvss: [Object]
1389 silly audit report     }
1389 silly audit report   ],
1389 silly audit report   'react-router': [
1389 silly audit report     {
1389 silly audit report       id: 1124268,
1389 silly audit report       url: 'https://github.com/advisories/GHSA-wrjc-x8rr-h8h6',
1389 silly audit report       title: 'React Router: Open redirect via backslash in <Link> and useNavigate (CVE-2025-68470 bypass)',
1389 silly audit report       severity: 'moderate',
1389 silly audit report       vulnerable_versions: '>=6.0.0 <7.18.0',
1389 silly audit report       cwe: [Array],
1389 silly audit report       cvss: [Object]
1389 silly audit report     },
1389 silly audit report     {
1389 silly audit report       id: 1124272,
1389 silly audit report       url: 'https://github.com/advisories/GHSA-337j-9hxr-rhxg',
1389 silly audit report       title: 'React Router: Arbitrary Constructor Injection via deserializeErrors() in React Router SSR Hydration',
1389 silly audit report       severity: 'moderate',
1389 silly audit report       vulnerable_versions: '>=6.4.0 <7.18.0',
1389 silly audit report       cwe: [Array],
1389 silly audit report       cvss: [Object]
1389 silly audit report     }
1389 silly audit report   ],
1389 silly audit report   esbuild: [
1389 silly audit report     {
1389 silly audit report       id: 1102341,
1389 silly audit report       url: 'https://github.com/advisories/GHSA-67mh-4wv8-2f99',
1389 silly audit report       title: 'esbuild enables any website to send any requests to the development server and read the response',
1389 silly audit report       severity: 'moderate',
1389 silly audit report       vulnerable_versions: '<=0.24.2',
1389 silly audit report       cwe: [Array],
1389 silly audit report       cvss: [Object]
1389 silly audit report     }
1389 silly audit report   ]
1389 silly audit report }
1390 silly packumentCache corgi:https://registry.npmjs.org/vite cache-miss
1391 silly packumentCache corgi:https://registry.npmjs.org/react-router cache-miss
1392 silly packumentCache corgi:https://registry.npmjs.org/esbuild cache-miss
1393 http fetch GET 200 https://registry.npmjs.org/tinyglobby/-/tinyglobby-0.2.17.tgz 477ms (cache miss)
1394 http fetch GET 200 https://registry.npmjs.org/@types/estree/-/estree-1.0.9.tgz 515ms (cache miss)
1395 http fetch GET 200 https://registry.npmjs.org/hasown/-/hasown-2.0.4.tgz 572ms (cache miss)
1396 http fetch GET 200 https://registry.npmjs.org/queue-microtask/-/queue-microtask-1.2.3.tgz 602ms (cache miss)
1397 http fetch GET 200 https://registry.npmjs.org/thenify-all/-/thenify-all-1.6.0.tgz 686ms (cache miss)
1398 http fetch GET 200 https://registry.npmjs.org/commander/-/commander-4.1.1.tgz 681ms (cache miss)
1399 http fetch GET 200 https://registry.npmjs.org/path-parse/-/path-parse-1.0.7.tgz 695ms (cache miss)
1400 http fetch GET 200 https://registry.npmjs.org/object-assign/-/object-assign-4.1.1.tgz 715ms (cache miss)
1401 http fetch GET 200 https://registry.npmjs.org/thenify/-/thenify-3.3.1.tgz 715ms (cache miss)
1402 http fetch GET 200 https://registry.npmjs.org/lines-and-columns/-/lines-and-columns-1.2.4.tgz 710ms (cache miss)
1403 http fetch GET 200 https://registry.npmjs.org/is-extglob/-/is-extglob-2.1.1.tgz 708ms (cache miss)
1404 http fetch GET 200 https://registry.npmjs.org/util-deprecate/-/util-deprecate-1.0.2.tgz 718ms (cache miss)
1405 http fetch GET 200 https://registry.npmjs.org/supports-preserve-symlinks-flag/-/supports-preserve-symlinks-flag-1.0.0.tgz 719ms (cache miss)
1406 http fetch GET 200 https://registry.npmjs.org/merge2/-/merge2-1.4.1.tgz 716ms (cache miss)
1407 http fetch GET 200 https://registry.npmjs.org/cssesc/-/cssesc-3.0.0.tgz 712ms (cache miss)
1408 http fetch GET 200 https://registry.npmjs.org/is-number/-/is-number-7.0.0.tgz 731ms (cache miss)
1409 http fetch GET 200 https://registry.npmjs.org/camelcase-css/-/camelcase-css-2.0.1.tgz 724ms (cache miss)
1410 http fetch GET 200 https://registry.npmjs.org/@nodelib/fs.stat/-/fs.stat-2.0.5.tgz 722ms (cache miss)
1411 http fetch GET 200 https://registry.npmjs.org/object-hash/-/object-hash-3.0.0.tgz 719ms (cache miss)
1412 http fetch GET 200 https://registry.npmjs.org/fill-range/-/fill-range-7.1.1.tgz 730ms (cache miss)
1413 http fetch GET 200 https://registry.npmjs.org/run-parallel/-/run-parallel-1.2.0.tgz 731ms (cache miss)
1414 http fetch GET 200 https://registry.npmjs.org/is-binary-path/-/is-binary-path-2.1.0.tgz 729ms (cache miss)
1415 http fetch GET 200 https://registry.npmjs.org/anymatch/-/anymatch-3.1.3.tgz 728ms (cache miss)
1416 http fetch GET 200 https://registry.npmjs.org/didyoumean/-/didyoumean-1.2.2.tgz 726ms (cache miss)
1417 http fetch GET 200 https://registry.npmjs.org/mz/-/mz-2.7.0.tgz 747ms (cache miss)
1418 http fetch GET 200 https://registry.npmjs.org/read-cache/-/read-cache-1.0.2.tgz 741ms (cache miss)
1419 http fetch GET 200 https://registry.npmjs.org/binary-extensions/-/binary-extensions-2.3.0.tgz 741ms (cache miss)
1420 http fetch GET 200 https://registry.npmjs.org/pirates/-/pirates-4.0.7.tgz 744ms (cache miss)
1421 http fetch GET 200 https://registry.npmjs.org/@alloc/quick-lru/-/quick-lru-5.3.0.tgz 735ms (cache miss)
1422 http fetch GET 200 https://registry.npmjs.org/escalade/-/escalade-3.2.0.tgz 758ms (cache miss)
1423 http fetch GET 200 https://registry.npmjs.org/normalize-path/-/normalize-path-3.0.0.tgz 771ms (cache miss)
1424 http fetch GET 200 https://registry.npmjs.org/arg/-/arg-5.0.2.tgz 773ms (cache miss)
1425 http fetch GET 200 https://registry.npmjs.org/postcss-nested/-/postcss-nested-6.2.0.tgz 772ms (cache miss)
1426 http fetch GET 200 https://registry.npmjs.org/to-regex-range/-/to-regex-range-5.0.1.tgz 800ms (cache miss)
1427 http fetch GET 200 https://registry.npmjs.org/postcss-load-config/-/postcss-load-config-6.0.1.tgz 795ms (cache miss)
1428 http fetch GET 200 https://registry.npmjs.org/glob-parent/-/glob-parent-6.0.2.tgz 794ms (cache miss)
1429 http fetch GET 200 https://registry.npmjs.org/loose-envify/-/loose-envify-1.4.0.tgz 790ms (cache miss)
1430 http fetch GET 200 https://registry.npmjs.org/ms/-/ms-2.1.3.tgz 794ms (cache miss)
1431 http fetch GET 200 https://registry.npmjs.org/postcss-js/-/postcss-js-4.1.0.tgz 819ms (cache miss)
1432 http fetch GET 200 https://registry.npmjs.org/@types/babel__template/-/babel__template-7.4.4.tgz 819ms (cache miss)
1433 http fetch GET 200 https://registry.npmjs.org/@types/babel__traverse/-/babel__traverse-7.28.0.tgz 820ms (cache miss)
1434 http fetch GET 200 https://registry.npmjs.org/lru-cache/-/lru-cache-5.1.1.tgz 818ms (cache miss)
1435 http fetch GET 200 https://registry.npmjs.org/@babel/compat-data/-/compat-data-7.29.7.tgz 818ms (cache miss)
1436 http fetch GET 200 https://registry.npmjs.org/readdirp/-/readdirp-3.6.0.tgz 838ms (cache miss)
1437 http fetch GET 200 https://registry.npmjs.org/node-releases/-/node-releases-2.0.54.tgz 830ms (cache miss)
1438 http fetch GET 200 https://registry.npmjs.org/is-glob/-/is-glob-4.0.3.tgz 846ms (cache miss)
1439 http fetch GET 200 https://registry.npmjs.org/lilconfig/-/lilconfig-3.1.3.tgz 847ms (cache miss)
1440 http fetch GET 200 https://registry.npmjs.org/yallist/-/yallist-3.1.1.tgz 844ms (cache miss)
1441 http fetch GET 200 https://registry.npmjs.org/@types/babel__generator/-/babel__generator-7.27.0.tgz 841ms (cache miss)
1442 http fetch GET 200 https://registry.npmjs.org/@babel/helper-globals/-/helper-globals-7.29.7.tgz 840ms (cache miss)
1443 http fetch GET 200 https://registry.npmjs.org/@babel/helper-plugin-utils/-/helper-plugin-utils-7.29.7.tgz 840ms (cache miss)
1444 http fetch GET 200 https://registry.npmjs.org/@babel/helper-validator-option/-/helper-validator-option-7.29.7.tgz 840ms (cache miss)
1445 http fetch GET 200 https://registry.npmjs.org/debug/-/debug-4.4.3.tgz 838ms (cache miss)
1446 http fetch GET 200 https://registry.npmjs.org/reusify/-/reusify-1.1.0.tgz 861ms (cache miss)
1447 http fetch GET 200 https://registry.npmjs.org/dlv/-/dlv-1.1.3.tgz 855ms (cache miss)
1448 http fetch GET 200 https://registry.npmjs.org/jsesc/-/jsesc-3.1.0.tgz 847ms (cache miss)
1449 http fetch GET 200 https://registry.npmjs.org/picocolors/-/picocolors-1.1.1.tgz 846ms (cache miss)
1450 http fetch GET 200 https://registry.npmjs.org/convert-source-map/-/convert-source-map-2.0.0.tgz 845ms (cache miss)
1451 http fetch GET 200 https://registry.npmjs.org/chokidar/-/chokidar-3.6.0.tgz 868ms (cache miss)
1452 http fetch GET 200 https://registry.npmjs.org/semver/-/semver-6.3.1.tgz 858ms (cache miss)
1453 http fetch GET 200 https://registry.npmjs.org/@babel/plugin-transform-react-jsx-self/-/plugin-transform-react-jsx-self-7.29.7.tgz 856ms (cache miss)
1454 http fetch GET 200 https://registry.npmjs.org/fastq/-/fastq-1.20.3.tgz 883ms (cache miss)
1455 http fetch GET 200 https://registry.npmjs.org/braces/-/braces-3.0.3.tgz 880ms (cache miss)
1456 http fetch GET 200 https://registry.npmjs.org/gensync/-/gensync-1.0.0-beta.2.tgz 867ms (cache miss)
1457 http fetch GET 200 https://registry.npmjs.org/@babel/code-frame/-/code-frame-7.29.7.tgz 874ms (cache miss)
1458 http fetch GET 200 https://registry.npmjs.org/@babel/plugin-transform-react-jsx-source/-/plugin-transform-react-jsx-source-7.29.7.tgz 874ms (cache miss)
1459 http fetch GET 200 https://registry.npmjs.org/glob-parent/-/glob-parent-5.1.2.tgz 863ms (cache miss)
1460 http fetch GET 200 https://registry.npmjs.org/function-bind/-/function-bind-1.1.2.tgz 905ms (cache miss)
1461 http fetch GET 200 https://registry.npmjs.org/es-errors/-/es-errors-1.3.0.tgz 904ms (cache miss)
1462 http fetch GET 200 https://registry.npmjs.org/@rolldown/pluginutils/-/pluginutils-1.0.0-beta.27.tgz 882ms (cache miss)
1463 http fetch GET 200 https://registry.npmjs.org/is-core-module/-/is-core-module-2.16.2.tgz 914ms (cache miss)
1464 http fetch GET 200 https://registry.npmjs.org/postcss-value-parser/-/postcss-value-parser-4.2.0.tgz 897ms (cache miss)
1465 http fetch GET 200 https://registry.npmjs.org/@types/babel__core/-/babel__core-7.20.5.tgz 887ms (cache miss)
1466 http fetch GET 200 https://registry.npmjs.org/js-tokens/-/js-tokens-4.0.0.tgz 892ms (cache miss)
1467 http fetch GET 200 https://registry.npmjs.org/update-browserslist-db/-/update-browserslist-db-1.3.2.tgz 901ms (cache miss)
1468 http fetch GET 200 https://registry.npmjs.org/@babel/helper-string-parser/-/helper-string-parser-7.29.7.tgz 898ms (cache miss)
1469 http fetch GET 200 https://registry.npmjs.org/fdir/-/fdir-6.5.0.tgz 888ms (cache miss)
1470 http fetch GET 200 https://registry.npmjs.org/browserslist/-/browserslist-4.28.8.tgz 902ms (cache miss)
1471 http fetch GET 200 https://registry.npmjs.org/@babel/helper-validator-identifier/-/helper-validator-identifier-7.29.7.tgz 901ms (cache miss)
1472 http fetch GET 200 https://registry.npmjs.org/glob-parent/-/glob-parent-5.1.2.tgz 892ms (cache miss)
1473 http fetch GET 200 https://registry.npmjs.org/micromatch/-/micromatch-4.0.8.tgz 916ms (cache miss)
1474 http fetch GET 200 https://registry.npmjs.org/@jridgewell/resolve-uri/-/resolve-uri-3.1.2.tgz 908ms (cache miss)
1475 http fetch GET 200 https://registry.npmjs.org/electron-to-chromium/-/electron-to-chromium-1.5.418.tgz 914ms (cache miss)
1476 http fetch GET 200 https://registry.npmjs.org/react-refresh/-/react-refresh-0.17.0.tgz 903ms (cache miss)
1477 http fetch GET 200 https://registry.npmjs.org/@vitejs/plugin-react/-/plugin-react-4.7.0.tgz 909ms (cache miss)
1478 http fetch GET 200 https://registry.npmjs.org/postcss-import/-/postcss-import-15.1.0.tgz 926ms (cache miss)
1479 http fetch GET 200 https://registry.npmjs.org/ts-interface-checker/-/ts-interface-checker-0.1.13.tgz 964ms (cache miss)
1480 http fetch GET 200 https://registry.npmjs.org/esbuild/-/esbuild-0.21.5.tgz 966ms (cache miss)
1481 http fetch GET 200 https://registry.npmjs.org/@babel/helper-module-imports/-/helper-module-imports-7.29.7.tgz 943ms (cache miss)
1482 http fetch GET 200 https://registry.npmjs.org/picomatch/-/picomatch-2.3.2.tgz 1001ms (cache miss)
1483 http fetch GET 200 https://registry.npmjs.org/picomatch/-/picomatch-4.0.7.tgz 988ms (cache miss)
1484 http fetch GET 200 https://registry.npmjs.org/baseline-browser-mapping/-/baseline-browser-mapping-2.11.20.tgz 1019ms (cache miss)
1485 http fetch GET 200 https://registry.npmjs.org/nanoid/-/nanoid-3.3.18.tgz 1053ms (cache miss)
1486 http fetch GET 200 https://registry.npmjs.org/scheduler/-/scheduler-0.23.2.tgz 1057ms (cache miss)
1487 http fetch GET 200 https://registry.npmjs.org/source-map-js/-/source-map-js-1.2.1.tgz 1063ms (cache miss)
1488 http fetch GET 200 https://registry.npmjs.org/@babel/helper-compilation-targets/-/helper-compilation-targets-7.29.7.tgz 1055ms (cache miss)
1489 http fetch GET 200 https://registry.npmjs.org/fraction.js/-/fraction.js-5.3.4.tgz 1072ms (cache miss)
1490 http fetch GET 200 https://registry.npmjs.org/@babel/helper-module-transforms/-/helper-module-transforms-7.29.7.tgz 1084ms (cache miss)
1491 http fetch GET 200 https://registry.npmjs.org/@babel/template/-/template-7.29.7.tgz 1094ms (cache miss)
1492 http fetch GET 200 https://registry.npmjs.org/any-promise/-/any-promise-1.3.0.tgz 1143ms (cache miss)
1493 http fetch GET 200 https://registry.npmjs.org/react/-/react-18.3.1.tgz 1119ms (cache miss)
1494 http fetch GET 200 https://registry.npmjs.org/esbuild 1047ms (cache miss)
1495 silly packumentCache corgi:https://registry.npmjs.org/esbuild set size:undefined disposed:false
1496 http fetch GET 200 https://registry.npmjs.org/@nodelib/fs.scandir/-/fs.scandir-2.1.5.tgz 1203ms (cache miss)
1497 http fetch GET 200 https://registry.npmjs.org/json5/-/json5-2.2.3.tgz 1188ms (cache miss)
1498 http fetch GET 200 https://registry.npmjs.org/@jridgewell/remapping/-/remapping-2.3.5.tgz 1208ms (cache miss)
1499 http fetch GET 200 https://registry.npmjs.org/@nodelib/fs.walk/-/fs.walk-1.2.8.tgz 1249ms (cache miss)
1500 http fetch GET 200 https://registry.npmjs.org/@jridgewell/sourcemap-codec/-/sourcemap-codec-1.6.0.tgz 1246ms (cache miss)
1501 http fetch GET 200 https://registry.npmjs.org/@jridgewell/gen-mapping/-/gen-mapping-0.3.13.tgz 1252ms (cache miss)
1502 http fetch GET 200 https://registry.npmjs.org/react-router 1183ms (cache miss)
1503 silly packumentCache corgi:https://registry.npmjs.org/react-router set size:undefined disposed:false
1504 http fetch GET 200 https://registry.npmjs.org/react-router/-/react-router-6.30.6.tgz 1385ms (cache miss)
1505 http fetch GET 200 https://registry.npmjs.org/@napi-rs/lzma-linux-x64-gnu/-/lzma-linux-x64-gnu-1.5.1.tgz 1427ms (cache miss)
1506 http fetch GET 200 https://registry.npmjs.org/react-router-dom/-/react-router-dom-6.30.6.tgz 1395ms (cache miss)
1507 http fetch GET 200 https://registry.npmjs.org/@babel/parser/-/parser-7.29.8.tgz 1426ms (cache miss)
1508 http fetch GET 200 https://registry.npmjs.org/@jridgewell/trace-mapping/-/trace-mapping-0.3.31.tgz 1459ms (cache miss)
1509 http fetch GET 200 https://registry.npmjs.org/vite 1362ms (cache miss)
1510 silly packumentCache corgi:https://registry.npmjs.org/vite set size:undefined disposed:false
1511 http fetch GET 200 https://registry.npmjs.org/postcss-selector-parser/-/postcss-selector-parser-6.1.4.tgz 1547ms (cache miss)
1512 http fetch GET 200 https://registry.npmjs.org/postcss/-/postcss-8.5.26.tgz 1530ms (cache miss)
1513 silly packumentCache corgi:https://registry.npmjs.org/@vitejs%2fplugin-react cache-miss
1514 http fetch GET 200 https://registry.npmjs.org/@rollup/rollup-linux-x64-gnu/-/rollup-linux-x64-gnu-4.63.1.tgz 1593ms (cache miss)
1515 http fetch GET 200 https://registry.npmjs.org/jiti/-/jiti-1.21.7.tgz 1577ms (cache miss)
1516 http fetch GET 200 https://registry.npmjs.org/@remix-run/router/-/router-1.23.4.tgz 1630ms (cache miss)
1517 http fetch GET 200 https://registry.npmjs.org/@vitejs%2fplugin-react 88ms (cache miss)
1518 silly packumentCache corgi:https://registry.npmjs.org/@vitejs%2fplugin-react set size:undefined disposed:false
1519 http fetch GET 200 https://registry.npmjs.org/@babel/generator/-/generator-7.29.8.tgz 1676ms (cache miss)
1520 silly packumentCache corgi:https://registry.npmjs.org/react-router-dom cache-miss
1521 http fetch GET 200 https://registry.npmjs.org/fast-glob/-/fast-glob-3.3.3.tgz 1720ms (cache miss)
1522 http fetch GET 200 https://registry.npmjs.org/rollup/-/rollup-4.63.1.tgz 1802ms (cache miss)
1523 http fetch GET 200 https://registry.npmjs.org/vite/-/vite-5.4.21.tgz 1805ms (cache miss)
1524 http fetch GET 200 https://registry.npmjs.org/@babel/traverse/-/traverse-7.29.8.tgz 1861ms (cache miss)
1525 http fetch GET 200 https://registry.npmjs.org/react-dom/-/react-dom-18.3.1.tgz 1863ms (cache miss)
1526 http fetch GET 200 https://registry.npmjs.org/autoprefixer/-/autoprefixer-10.5.4.tgz 1872ms (cache miss)
1527 http fetch GET 200 https://registry.npmjs.org/react-router-dom 189ms (cache miss)
1528 silly packumentCache corgi:https://registry.npmjs.org/react-router-dom set size:undefined disposed:false
1529 http fetch GET 200 https://registry.npmjs.org/resolve/-/resolve-1.22.12.tgz 2579ms (cache miss)
1530 http fetch GET 200 https://registry.npmjs.org/@esbuild/linux-x64/-/linux-x64-0.21.5.tgz 2745ms (cache miss)
1531 http fetch GET 200 https://registry.npmjs.org/@babel/core/-/core-7.29.7.tgz 2739ms (cache miss)
1532 http fetch GET 200 https://registry.npmjs.org/@babel/types/-/types-7.29.8.tgz 2907ms (cache miss)
1533 http fetch GET 200 https://registry.npmjs.org/sucrase/-/sucrase-3.35.1.tgz 3057ms (cache miss)
1534 http fetch GET 200 https://registry.npmjs.org/@babel/helpers/-/helpers-7.29.7.tgz 3042ms (cache miss)
1535 http fetch GET 200 https://registry.npmjs.org/tailwindcss/-/tailwindcss-3.4.19.tgz 3092ms (cache miss)
1536 http fetch GET 200 https://registry.npmjs.org/caniuse-lite/-/caniuse-lite-1.0.30001810.tgz 3474ms (cache miss)
1537 info run esbuild@0.21.5 postinstall node_modules/esbuild node install.js
1538 info run esbuild@0.21.5 postinstall { code: 0, signal: null }
1539 silly ADD node_modules/@types/estree
1540 silly ADD
1541 silly ADD
1542 silly ADD
1543 silly ADD
1544 silly ADD
1545 silly ADD
1546 silly ADD
1547 silly ADD node_modules/@rollup/rollup-linux-x64-gnu
1548 silly ADD
1549 silly ADD
1550 silly ADD
1551 silly ADD
1552 silly ADD
1553 silly ADD
1554 silly ADD
1555 silly ADD
1556 silly ADD
1557 silly ADD
1558 silly ADD
1559 silly ADD
1560 silly ADD
1561 silly ADD
1562 silly ADD
1563 silly ADD
1564 silly ADD
1565 silly ADD node_modules/@napi-rs/lzma-linux-x64-gnu
1566 silly ADD
1567 silly ADD
1568 silly ADD
1569 silly ADD
1570 silly ADD
1571 silly ADD
1572 silly ADD node_modules/@esbuild/linux-x64
1573 silly ADD
1574 silly ADD
1575 silly ADD
1576 silly ADD
1577 silly ADD
1578 silly ADD
1579 silly ADD
1580 silly ADD
1581 silly ADD
1582 silly ADD
1583 silly ADD
1584 silly ADD
1585 silly ADD
1586 silly ADD
1587 silly ADD
1588 silly ADD
1589 silly ADD node_modules/rollup
1590 silly ADD node_modules/esbuild
1591 silly ADD node_modules/escalade
1592 silly ADD node_modules/is-number
1593 silly ADD node_modules/thenify
1594 silly ADD node_modules/thenify-all
1595 silly ADD node_modules/object-assign
1596 silly ADD node_modules/any-promise
1597 silly ADD node_modules/ts-interface-checker
1598 silly ADD node_modules/tinyglobby
1599 silly ADD node_modules/tinyglobby/node_modules/picomatch
1600 silly ADD node_modules/tinyglobby/node_modules/fdir
1601 silly ADD node_modules/pirates
1602 silly ADD node_modules/mz
1603 silly ADD node_modules/lines-and-columns
1604 silly ADD node_modules/commander
1605 silly ADD node_modules/queue-microtask
1606 silly ADD node_modules/function-bind
1607 silly ADD node_modules/hasown
1608 silly ADD node_modules/supports-preserve-symlinks-flag
1609 silly ADD node_modules/path-parse
1610 silly ADD node_modules/is-core-module
1611 silly ADD node_modules/es-errors
1612 silly ADD node_modules/util-deprecate
1613 silly ADD node_modules/cssesc
1614 silly ADD node_modules/camelcase-css
1615 silly ADD node_modules/read-cache
1616 silly ADD node_modules/is-extglob
1617 silly ADD node_modules/binary-extensions
1618 silly ADD node_modules/to-regex-range
1619 silly ADD node_modules/reusify
1620 silly ADD node_modules/run-parallel
1621 silly ADD node_modules/fastq
1622 silly ADD node_modules/@nodelib/fs.scandir
1623 silly ADD node_modules/merge2
1624 silly ADD node_modules/@nodelib/fs.walk
1625 silly ADD node_modules/@nodelib/fs.stat
1626 silly ADD node_modules/fill-range
1627 silly ADD node_modules/picomatch
1628 silly ADD node_modules/readdirp
1629 silly ADD node_modules/is-binary-path
1630 silly ADD
1631 silly ADD node_modules/braces
1632 silly ADD node_modules/anymatch
1633 silly ADD node_modules/sucrase
1634 silly ADD node_modules/resolve
1635 silly ADD node_modules/postcss-selector-parser
1636 silly ADD node_modules/postcss-nested
1637 silly ADD node_modules/postcss-load-config
1638 silly ADD node_modules/postcss-js
1639 silly ADD node_modules/postcss-import
1640 silly ADD node_modules/object-hash
1641 silly ADD node_modules/normalize-path
1642 silly ADD node_modules/micromatch
1643 silly ADD node_modules/lilconfig
1644 silly ADD node_modules/jiti
1645 silly ADD node_modules/is-glob
1646 silly ADD node_modules/glob-parent
1647 silly ADD node_modules/fast-glob
1648 silly ADD node_modules/fast-glob/node_modules/glob-parent
1649 silly ADD node_modules/dlv
1650 silly ADD node_modules/didyoumean
1651 silly ADD node_modules/chokidar
1652 silly ADD node_modules/chokidar/node_modules/glob-parent
1653 silly ADD node_modules/arg
1654 silly ADD node_modules/@alloc/quick-lru
1655 silly ADD node_modules/react-router
1656 silly ADD node_modules/@remix-run/router
1657 silly ADD node_modules/scheduler
1658 silly ADD node_modules/loose-envify
1659 silly ADD node_modules/source-map-js
1660 silly ADD node_modules/nanoid
1661 silly ADD node_modules/yallist
1662 silly ADD node_modules/ms
1663 silly ADD node_modules/update-browserslist-db
1664 silly ADD node_modules/node-releases
1665 silly ADD node_modules/electron-to-chromium
1666 silly ADD node_modules/baseline-browser-mapping
1667 silly ADD node_modules/postcss-value-parser
1668 silly ADD node_modules/fraction.js
1669 silly ADD node_modules/caniuse-lite
1670 silly ADD node_modules/@types/babel__traverse
1671 silly ADD node_modules/@types/babel__template
1672 silly ADD node_modules/@types/babel__generator
1673 silly ADD node_modules/@jridgewell/resolve-uri
1674 silly ADD node_modules/@jridgewell/sourcemap-codec
1675 silly ADD node_modules/@babel/helper-string-parser
1676 silly ADD node_modules/@babel/helper-globals
1677 silly ADD node_modules/@babel/helper-plugin-utils
1678 silly ADD node_modules/@babel/helper-module-imports
1679 silly ADD node_modules/lru-cache
1680 silly ADD node_modules/browserslist
1681 silly ADD node_modules/@babel/helper-validator-option
1682 silly ADD node_modules/@babel/compat-data
1683 silly ADD node_modules/jsesc
1684 silly ADD node_modules/@jridgewell/trace-mapping
1685 silly ADD node_modules/@jridgewell/gen-mapping
1686 silly ADD node_modules/picocolors
1687 silly ADD node_modules/js-tokens
1688 silly ADD node_modules/@babel/helper-validator-identifier
1689 silly ADD node_modules/semver
1690 silly ADD node_modules/json5
1691 silly ADD node_modules/gensync
1692 silly ADD node_modules/debug
1693 silly ADD node_modules/convert-source-map
1694 silly ADD node_modules/@jridgewell/remapping
1695 silly ADD node_modules/@babel/types
1696 silly ADD node_modules/@babel/traverse
1697 silly ADD node_modules/@babel/template
1698 silly ADD node_modules/@babel/parser
1699 silly ADD node_modules/@babel/helpers
1700 silly ADD node_modules/@babel/helper-module-transforms
1701 silly ADD node_modules/@babel/helper-compilation-targets
1702 silly ADD node_modules/@babel/generator
1703 silly ADD node_modules/@babel/code-frame
1704 silly ADD node_modules/react-refresh
1705 silly ADD node_modules/@types/babel__core
1706 silly ADD node_modules/@rolldown/pluginutils
1707 silly ADD node_modules/@babel/plugin-transform-react-jsx-source
1708 silly ADD node_modules/@babel/plugin-transform-react-jsx-self
1709 silly ADD node_modules/@babel/core
1710 silly ADD node_modules/tailwindcss
1711 silly ADD node_modules/react-router-dom
1712 silly ADD node_modules/react-dom
1713 silly ADD node_modules/react
1714 silly ADD node_modules/postcss
1715 silly ADD node_modules/autoprefixer
1716 silly ADD node_modules/vite
1717 silly ADD node_modules/@vitejs/plugin-react
1718 verbose cwd /app
1719 verbose os Linux 6.12.105-fly
1720 verbose node v22.23.2
1721 verbose npm  v10.9.8
1722 notice
1722 notice New major version of npm available! 10.9.8 -> 12.0.2
1722 notice Changelog: https://github.com/npm/cli/releases/tag/v12.0.2
1722 notice To update run: npm install -g npm@12.0.2
1722 notice  { force: true, [Symbol(proc-log.meta)]: true }
1723 verbose exit 0
1724 info ok
